movie_id,movie_title,title_year,duration,language,country,color,budgets,num_critic,facenumber_in_poster,num_voted_users,aspect_ratio,movie_facebook_likes,imdb_score,content_rating
1,Avatar,2009,178,English,USA,Color,237000000,723,0,886204,178,33000,79,PG-13
2,"Pirates of the Caribbean: At World's End",2007,169,English,USA,Color,300000000,302,0,471220,235,0,71,PG-13
3,Spectre,2015,148,English,UK,Color,245000000,602,1,275868,235,85000,68,PG-13
4,"The Dark Knight Rises",2012,164,English,USA,Color,250000000,813,0,1144337,235,164000,85,PG-13
6,"John Carter",2012,132,English,USA,Color,263700000,462,1,212204,235,24000,66,PG-13
7,"Spider-Man 3",2007,156,English,USA,Color,258000000,392,0,383056,235,0,62,PG-13
8,Tangled,2010,100,English,USA,Color,260000000,324,1,294810,185,29000,78,PG
9,"Avengers: Age of Ultron",2015,141,English,USA,Color,250000000,635,4,462669,235,118000,75,PG-13
10,"Harry Potter and the Half-Blood Prince",2009,153,English,UK,Color,250000000,375,3,321795,235,10000,75,PG
11,"Batman v Superman: Dawn of Justice",2016,183,English,USA,Color,250000000,673,0,371639,235,197000,69,PG-13
12,"Superman Returns",2006,169,English,USA,Color,209000000,434,0,240396,235,0,61,PG-13
13,"Quantum of Solace",2008,106,English,UK,Color,200000000,403,1,330784,235,0,67,PG-13
14,"Pirates of the Caribbean: Dead Man's Chest",2006,151,English,USA,Color,225000000,313,2,522040,235,5000,73,PG-13
15,"The Lone Ranger",2013,150,English,USA,Color,215000000,450,1,181792,235,48000,65,PG-13
16,"Man of Steel",2013,143,English,USA,Color,225000000,733,0,548573,235,118000,72,PG-13
17,"The Chronicles of Narnia: Prince Caspian",2008,150,English,USA,Color,225000000,258,4,149922,235,0,66,PG
18,"The Avengers",2012,173,English,USA,Color,220000000,703,3,995415,185,123000,81,PG-13
19,"Pirates of the Caribbean: On Stranger Tides",2011,136,English,USA,Color,250000000,448,4,370704,235,58000,67,PG-13
20,"Men in Black 3",2012,106,English,USA,Color,225000000,451,1,268154,185,40000,68,PG-13
21,"The Hobbit: The Battle of the Five Armies",2014,164,English,"New Zealand",Color,250000000,422,0,354228,235,65000,75,PG-13
22,"The Amazing Spider-Man",2012,153,English,USA,Color,230000000,599,0,451803,235,56000,70,PG-13
23,"Robin Hood",2010,156,English,USA,Color,200000000,343,0,211765,235,17000,67,PG-13
24,"The Hobbit: The Desolation of Smaug",2013,186,English,USA,Color,225000000,509,6,483540,235,83000,79,PG-13
25,"The Golden Compass",2007,113,English,USA,Color,180000000,251,2,149019,235,0,61,PG-13
26,"King Kong",2005,201,English,"New Zealand",Color,207000000,446,0,316018,235,0,72,PG-13
27,Titanic,1997,194,English,USA,Color,200000000,315,0,793059,235,26000,77,PG-13
28,"Captain America: Civil War",2016,147,English,USA,Color,250000000,516,0,272670,235,72000,82,PG-13
29,Battleship,2012,131,English,USA,Color,209000000,377,0,202382,235,44000,59,PG-13
30,"Jurassic World",2015,124,English,USA,Color,150000000,644,0,418214,20,150000,70,PG-13
31,Skyfall,2012,143,English,UK,Color,200000000,750,0,522030,235,80000,78,PG-13
32,"Spider-Man 2",2004,135,English,USA,Color,200000000,300,1,411164,235,0,73,PG-13
33,"Iron Man 3",2013,195,English,USA,Color,200000000,608,3,557489,235,95000,72,PG-13
34,"Alice in Wonderland",2010,108,English,USA,Color,200000000,451,0,306320,185,24000,65,PG
35,"X-Men: The Last Stand",2006,104,English,Canada,Color,210000000,334,0,383427,235,0,68,PG-13
36,"Monsters University",2013,104,English,USA,Color,200000000,376,0,235025,185,44000,73,G
37,"Transformers: Revenge of the Fallen",2009,150,English,USA,Color,200000000,366,0,323207,235,0,60,PG-13
38,"Transformers: Age of Extinction",2014,165,English,USA,Color,210000000,378,2,242420,235,56000,57,PG-13
39,"Oz the Great and Powerful",2013,130,English,USA,Color,215000000,525,4,175409,235,60000,64,PG
40,"The Amazing Spider-Man 2",2014,142,English,USA,Color,200000000,495,0,321227,235,41000,67,PG-13
41,"TRON: Legacy",2010,125,English,USA,Color,170000000,469,0,264183,235,30000,68,PG
42,"Cars 2",2011,106,English,USA,Color,200000000,304,0,101178,235,10000,63,G
43,"Green Lantern",2011,123,English,USA,Color,200000000,436,2,223393,235,24000,56,PG-13
44,"Toy Story 3",2010,103,English,USA,Color,200000000,453,3,544884,185,30000,83,G
45,"Terminator Salvation",2009,118,English,USA,Color,200000000,422,0,286095,235,0,66,PG-13
46,"Furious 7",2015,140,English,USA,Color,190000000,424,0,278232,235,94000,72,PG-13
47,"World War Z",2013,123,English,USA,Color,190000000,654,0,465019,235,129000,70,PG-13
48,"X-Men: Days of Future Past",2014,149,English,USA,Color,200000000,539,7,514125,235,82000,80,PG-13
49,"Star Trek Into Darkness",2013,132,English,USA,Color,190000000,590,0,395573,235,92000,78,PG-13
50,"Jack the Giant Slayer",2013,114,English,USA,Color,195000000,338,1,106416,235,22000,63,PG-13
51,"The Great Gatsby",2013,143,English,Australia,Color,105000000,490,4,362912,235,115000,73,PG-13
52,"Prince of Persia: The Sands of Time",2010,116,English,USA,Color,200000000,306,2,222403,235,23000,66,PG-13
53,"Pacific Rim",2013,131,English,USA,Color,190000000,575,0,381148,185,83000,70,PG-13
54,"Transformers: Dark of the Moon",2011,154,English,USA,Color,195000000,428,2,326180,235,46000,63,PG-13
57,Brave,2012,93,English,USA,Color,185000000,488,0,273556,235,39000,72,PG
58,"Star Trek Beyond",2016,122,English,USA,Color,185000000,322,4,53607,235,30000,75,PG-13
59,WALLï¿½ï¿½E,2008,98,English,USA,Color,180000000,421,0,718837,235,16000,84,G
60,"Rush Hour 3",2007,91,English,USA,Color,140000000,162,2,121084,235,0,62,PG-13
61,2012,2009,158,English,USA,Color,200000000,367,0,283418,235,13000,58,PG-13
62,"A Christmas Carol",2009,96,English,USA,Color,200000000,240,0,72809,235,0,68,PG
63,"Jupiter Ascending",2015,127,English,USA,Color,176000000,384,1,139593,235,44000,54,PG-13
64,"The Legend of Tarzan",2016,110,English,USA,Color,180000000,248,2,42372,235,29000,66,PG-13
66,"X-Men: Apocalypse",2016,144,English,USA,Color,178000000,396,6,148379,235,54000,73,PG-13
67,"The Dark Knight",2008,152,English,USA,Color,185000000,645,0,1676169,235,37000,90,PG-13
68,Up,2009,96,English,USA,Color,175000000,408,1,665575,185,27000,83,PG
69,"Monsters vs. Aliens",2009,94,English,USA,Color,175000000,219,2,114553,235,0,65,PG
70,"Iron Man",2008,126,English,USA,Color,140000000,486,3,696338,235,10000,79,PG-13
71,Hugo,2011,126,English,USA,Color,170000000,682,0,245333,185,42000,75,PG
72,"Wild Wild West",1999,106,English,USA,Color,170000000,85,2,129601,185,0,48,PG-13
73,"The Mummy: Tomb of the Dragon Emperor",2008,112,English,USA,Color,145000000,264,2,117927,235,0,52,PG-13
74,"Suicide Squad",2016,123,English,USA,Color,175000000,418,8,118992,235,80000,69,PG-13
75,"Evan Almighty",2007,96,English,USA,Color,175000000,186,0,115099,235,2000,54,PG
76,"Edge of Tomorrow",2014,113,English,USA,Color,178000000,585,1,431620,235,77000,79,PG-13
77,Waterworld,1995,176,English,USA,Color,175000000,91,0,144337,185,0,61,PG-13
78,"G.I. Joe: The Rise of Cobra",2009,118,English,USA,Color,175000000,250,4,174578,235,0,58,PG-13
79,"Inside Out",2015,95,English,USA,Color,175000000,536,1,345198,185,118000,83,PG
80,"The Jungle Book",2016,106,English,UK,Color,175000000,370,0,106072,185,65000,78,PG
81,"Iron Man 2",2010,124,English,USA,Color,200000000,453,4,522371,235,18000,70,PG-13
82,"Snow White and the Huntsman",2012,132,English,USA,Color,170000000,416,0,228554,235,53000,61,PG-13
83,Maleficent,2014,97,English,USA,Color,180000000,401,2,252257,235,89000,70,PG
84,"Dawn of the Planet of the Apes",2014,130,English,USA,Color,170000000,521,0,317542,185,45000,76,PG-13
86,"47 Ronin",2013,128,English,USA,Color,175000000,218,2,116994,235,35000,63,PG-13
87,"Captain America: The Winter Soldier",2014,136,English,USA,Color,170000000,576,1,496749,235,55000,78,PG-13
88,"Shrek Forever After",2010,93,English,USA,Color,165000000,226,2,138661,235,0,64,PG
89,Tomorrowland,2015,130,English,USA,Color,190000000,443,2,128306,22,37000,65,PG
90,"Big Hero 6",2014,102,English,USA,Color,165000000,384,0,279093,239,41000,79,PG
91,"Wreck-It Ralph",2012,101,English,USA,Color,165000000,377,1,272534,235,40000,78,PG
92,"The Polar Express",2004,100,English,USA,Color,165000000,188,0,120798,235,10000,66,G
93,"Independence Day: Resurgence",2016,120,English,USA,Color,165000000,286,0,58137,235,67000,55,PG-13
94,"How to Train Your Dragon",2010,98,English,USA,Color,165000000,288,0,485430,235,33000,82,PG
95,"Terminator 3: Rise of the Machines",2003,109,English,USA,Color,200000000,280,0,305340,235,0,64,R
96,"Guardians of the Galaxy",2014,121,English,USA,Color,170000000,653,3,682155,235,96000,81,PG-13
97,Interstellar,2014,169,English,USA,Color,165000000,712,1,928227,235,349000,86,PG-13
98,Inception,2010,148,English,USA,Color,160000000,642,0,1468200,235,175000,88,PG-13
101,"The Fast and the Furious",2001,106,English,USA,Color,38000000,187,2,272223,235,14000,67,PG-13
102,"The Curious Case of Benjamin Button",2008,166,English,USA,Color,150000000,362,2,459346,235,23000,78,PG-13
103,"X-Men: First Class",2011,132,English,USA,Color,160000000,500,3,518537,235,54000,78,PG-13
104,"The Hunger Games: Mockingjay - Part 2",2015,137,English,USA,Color,160000000,389,1,166137,235,38000,66,PG-13
105,"The Sorcerer's Apprentice",2010,109,English,USA,Color,150000000,235,0,124185,235,11000,61,PG
106,Poseidon,2006,98,English,USA,Color,160000000,231,0,82380,235,0,56,PG-13
107,"Alice Through the Looking Glass",2016,113,English,USA,Color,170000000,218,1,21352,185,30000,64,PG
108,"Shrek the Third",2007,93,English,USA,Color,160000000,227,2,211971,185,0,61,PG
109,Warcraft,2016,123,English,USA,Color,160000000,275,0,111609,235,89000,73,PG-13
110,"Terminator Genisys",2015,126,English,USA,Color,155000000,474,2,188457,235,82000,66,PG-13
112,"Pearl Harbor",2001,184,English,USA,"Black and White",140000000,191,0,254111,235,0,61,PG-13
113,Transformers,2007,144,English,USA,Color,150000000,396,0,513158,235,8000,71,PG-13
114,Alexander,2004,206,English,Germany,Color,155000000,248,3,138863,235,0,55,R
115,"Harry Potter and the Order of the Phoenix",2007,138,English,UK,Color,150000000,329,3,355137,235,0,75,PG-13
116,"Harry Potter and the Goblet of Fire",2005,157,English,UK,Color,150000000,295,1,385670,235,0,76,PG-13
117,Hancock,2008,102,English,USA,Color,150000000,318,0,343648,235,0,64,PG-13
118,"I Am Legend",2007,104,English,USA,Color,150000000,323,0,530870,235,11000,72,PG-13
119,"Charlie and the Chocolate Factory",2005,115,English,USA,Color,150000000,276,3,320284,185,0,67,PG
120,Ratatouille,2007,111,English,USA,Color,150000000,318,0,473887,235,10000,80,G
121,"Batman Begins",2005,128,English,USA,Color,150000000,478,0,980946,235,15000,83,PG-13
122,"Madagascar: Escape 2 Africa",2008,89,English,USA,Color,150000000,167,0,146019,185,0,67,PG
124,"X-Men Origins: Wolverine",2009,119,English,USA,Color,150000000,350,0,361924,235,0,67,PG-13
125,"The Matrix Revolutions",2003,129,English,Australia,Color,150000000,245,0,364948,235,0,67,R
126,Frozen,2013,102,English,USA,Color,150000000,406,0,421658,224,58000,76,PG
127,"The Matrix Reloaded",2003,138,English,USA,Color,150000000,275,0,421818,235,0,72,R
128,"Thor: The Dark World",2013,112,English,USA,Color,170000000,486,3,414070,235,63000,71,PG-13
129,"Mad Max: Fury Road",2015,120,English,Australia,Color,150000000,739,0,552503,235,191000,81,R
130,"Angels & Demons",2009,146,English,USA,Color,150000000,298,2,207839,235,0,67,PG-13
131,Thor,2011,115,English,USA,Color,150000000,516,1,536314,235,63000,70,PG-13
132,Bolt,2008,96,English,USA,Color,150000000,225,0,146766,185,0,69,PG
133,G-Force,2009,88,English,USA,Color,150000000,145,0,33042,235,0,51,PG
134,"Wrath of the Titans",2012,99,English,USA,Color,150000000,310,0,152826,185,19000,58,PG-13
135,"Dark Shadows",2012,113,English,USA,Color,100000000,526,7,199039,185,82000,62,PG-13
136,"Mission: Impossible - Rogue Nation",2015,131,English,China,Color,150000000,465,0,232187,235,47000,74,PG-13
137,"The Wolfman",2010,119,English,USA,Color,150000000,357,0,89442,185,0,58,R
138,"The Legend of Tarzan",2016,110,English,USA,Color,180000000,248,2,42372,235,29000,66,PG-13
139,"Bee Movie",2007,91,English,USA,Color,150000000,194,0,105902,185,0,62,PG
140,"Kung Fu Panda 2",2011,90,English,USA,Color,150000000,284,0,182718,235,20000,73,PG
141,"The Last Airbender",2010,103,English,USA,Color,150000000,280,0,118951,235,18000,42,PG
142,"Mission: Impossible III",2006,124,English,USA,Color,150000000,310,0,256695,235,0,69,PG-13
143,"White House Down",2013,131,English,USA,Color,150000000,339,2,164238,235,33000,64,PG-13
144,"Mars Needs Moms",2011,88,English,USA,Color,150000000,132,0,17590,235,0,54,PG
145,"Flushed Away",2006,85,English,UK,Color,149000000,135,0,85086,185,0,67,PG
146,Pan,2015,111,English,USA,Color,150000000,256,4,39956,235,24000,58,PG
147,"Mr. Peabody & Sherman",2014,92,English,USA,Color,145000000,196,2,47900,185,11000,69,PG
148,Troy,2004,196,English,USA,Color,175000000,220,2,381672,235,0,72,R
149,"Madagascar 3: Europe's Most Wanted",2012,93,English,USA,Color,145000000,211,0,119213,185,17000,69,PG
150,"Die Another Day",2002,133,English,UK,"Black and White",142000000,264,0,169914,235,0,61,PG-13
151,Ghostbusters,2016,116,English,USA,Color,144000000,464,4,69757,235,62000,55,PG-13
152,Armageddon,1998,153,English,USA,Color,140000000,167,0,322395,235,11000,66,PG-13
153,"Men in Black II",2002,88,English,USA,Color,140000000,208,2,270207,185,2000,61,PG-13
154,Beowulf,2007,115,English,USA,Color,150000000,287,1,142440,235,3000,63,PG-13
155,"Kung Fu Panda 3",2016,95,English,USA,Color,145000000,210,0,64322,235,24000,72,PG
156,"Mission: Impossible - Ghost Protocol",2011,133,English,USA,Color,145000000,432,3,365104,235,35000,74,PG-13
157,"Rise of the Guardians",2012,97,English,USA,Color,145000000,256,0,123553,185,25000,73,PG
158,"Fun with Dick and Jane",2005,90,English,USA,Color,100000000,135,1,110788,235,2000,61,PG-13
159,"The Last Samurai",2003,154,English,USA,Color,140000000,190,1,317166,235,0,77,R
160,"Exodus: Gods and Kings",2014,150,English,UK,Color,140000000,314,0,128682,235,51000,61,PG-13
161,"Star Trek",2009,127,English,USA,Color,150000000,518,0,504419,235,19000,80,PG-13
162,Spider-Man,2002,121,English,USA,Color,139000000,291,0,544665,185,5000,73,PG-13
163,"How to Train Your Dragon 2",2014,102,English,USA,Color,145000000,292,5,221128,235,46000,79,PG
164,"Gods of Egypt",2016,126,English,USA,Color,140000000,184,4,51892,235,24000,55,PG-13
165,Stealth,2005,121,English,USA,Color,135000000,145,0,45455,235,0,50,PG-13
166,Watchmen,2009,215,English,USA,Color,130000000,451,1,392474,235,18000,77,R
167,"Lethal Weapon 4",1998,127,English,USA,Color,140000000,141,2,127497,235,0,66,R
168,Hulk,2003,138,English,USA,Color,137000000,267,0,212106,185,0,57,PG-13
169,"G.I. Joe: Retaliation",2013,122,English,USA,Color,130000000,351,6,146352,235,42000,58,PG-13
170,Sahara,2005,124,English,UK,Color,130000000,163,3,77673,235,0,60,PG-13
171,"Final Fantasy: The Spirits Within",2001,106,English,USA,Color,137000000,166,1,72259,185,0,64,PG-13
172,"Captain America: The First Avenger",2011,124,English,USA,Color,140000000,510,0,508818,235,46000,69,PG-13
173,"The World Is Not Enough",1999,128,English,UK,Color,135000000,197,2,157519,235,2000,64,PG-13
175,"The Twilight Saga: Breaking Dawn - Part 2",2012,115,English,USA,Color,120000000,322,3,185394,235,65000,55,PG-13
176,"Happy Feet 2",2011,100,English,Australia,Color,135000000,156,0,32399,235,0,59,PG
177,"The Incredible Hulk",2008,135,English,USA,Color,150000000,354,0,326286,235,0,68,PG-13
179,"The BFG",2016,117,English,UK,Color,140000000,252,0,12572,235,27000,68,PG
180,"The Revenant",2015,156,English,USA,Color,135000000,556,0,406020,235,190000,81,R
181,Turbo,2013,96,English,USA,Color,135000000,166,0,62424,235,13000,65,PG
182,Rango,2011,107,English,USA,Color,135000000,362,0,183208,235,26000,72,PG
183,"Penguins of Madagascar",2014,92,English,USA,Color,132000000,153,0,60230,185,11000,67,PG
184,"The Bourne Ultimatum",2007,115,English,USA,Color,110000000,329,0,491077,235,0,81,PG-13
185,"Kung Fu Panda",2008,92,English,USA,Color,130000000,266,0,307029,235,6000,76,PG
186,Ant-Man,2015,117,English,USA,Color,130000000,517,6,313866,185,61000,74,PG-13
187,"The Hunger Games: Catching Fire",2013,146,English,USA,Color,130000000,502,1,498397,235,82000,76,PG-13
188,"The Twilight Saga: Breaking Dawn - Part 2",2012,115,English,USA,Color,120000000,322,3,185394,235,65000,55,PG-13
189,Home,2015,94,English,USA,Color,135000000,165,0,70121,185,26000,67,PG
190,"War of the Worlds",2005,116,English,USA,Color,132000000,401,0,334345,185,0,65,PG-13
191,"Bad Boys II",2003,147,English,USA,Color,130000000,94,1,178126,235,0,66,R
192,"Puss in Boots",2011,90,English,USA,Color,130000000,246,0,114287,235,16000,67,PG
193,Salt,2010,101,English,USA,Color,110000000,330,1,245621,235,23000,64,PG-13
194,Noah,2014,138,English,USA,Color,125000000,434,2,200022,185,71000,58,PG-13
195,"The Adventures of Tintin",2011,107,English,USA,Color,135000000,440,1,177383,235,44000,74,PG
196,"Harry Potter and the Prisoner of Azkaban",2004,142,English,UK,Color,130000000,274,3,382255,235,11000,78,PG
197,Australia,2008,165,English,Australia,Color,130000000,245,0,102338,235,0,66,PG-13
198,"After Earth",2013,100,English,USA,Color,130000000,349,0,158720,235,37000,49,PG-13
199,Dinosaur,2000,82,English,USA,Color,127500000,145,1,38438,185,0,65,PG
201,"Night at the Museum: Secret of the Tomb",2014,98,English,USA,Color,127000000,154,7,67223,185,11000,62,PG
202,Megamind,2010,95,English,USA,Color,130000000,233,3,172754,235,13000,73,PG
203,"Harry Potter and the Sorcerer's Stone",2001,159,English,UK,Color,125000000,258,4,444683,235,16000,75,PG
204,R.I.P.D.,2013,96,English,USA,Color,130000000,208,2,91640,235,20000,56,PG-13
208,"The Hunger Games: Mockingjay - Part 1",2014,123,English,USA,Color,125000000,403,1,305008,235,52000,67,PG-13
209,"The Da Vinci Code",2006,174,English,USA,Color,125000000,294,2,314253,235,0,66,PG-13
210,"Rio 2",2014,101,English,USA,Color,103000000,159,0,58498,235,0,64,G
211,"X-Men 2",2003,134,English,Canada,Color,110000000,289,4,405973,235,0,75,PG-13
212,"Fast Five",2011,132,English,USA,Color,125000000,342,3,284792,235,54000,73,PG-13
213,"Sherlock Holmes: A Game of Shadows",2011,129,English,USA,Color,125000000,382,2,338635,235,39000,75,PG-13
214,"Clash of the Titans",2010,106,English,USA,Color,125000000,344,0,229679,235,15000,58,PG-13
215,"Total Recall",1990,113,English,USA,Color,65000000,196,0,240241,185,0,75,R
216,"The 13th Warrior",1999,102,English,USA,Color,85000000,85,1,101411,235,0,66,R
217,"The Bourne Legacy",2012,135,English,USA,Color,125000000,436,0,229823,235,31000,67,PG-13
218,"Batman & Robin",1997,125,English,USA,Color,125000000,183,3,189855,185,0,37,PG-13
219,"How the Grinch Stole Christmas",2000,110,English,USA,Color,123000000,175,0,141414,185,0,60,PG
220,"The Day After Tomorrow",2004,124,English,USA,Color,125000000,239,0,333248,235,19000,64,PG-13
221,"Mission: Impossible II",2000,123,English,USA,Color,125000000,237,0,242188,235,0,61,PG-13
222,"The Perfect Storm",2000,130,English,USA,Color,140000000,231,0,133076,235,0,64,PG-13
223,"Fantastic 4: Rise of the Silver Surfer",2007,92,English,USA,Color,130000000,262,3,213275,235,0,56,PG
224,"Life of Pi",2012,127,English,USA,Color,120000000,552,0,440084,185,122000,80,PG
225,"Ghost Rider",2007,123,English,USA,Color,110000000,276,1,182661,235,0,52,PG-13
226,"Jason Bourne",2016,123,English,UK,Color,120000000,267,0,40123,235,31000,71,PG-13
227,"Charlie's Angels: Full Throttle",2003,107,English,USA,Color,120000000,102,0,100821,235,0,48,PG-13
228,Prometheus,2012,124,English,USA,Color,130000000,775,0,456260,235,97000,70,R
229,"Stuart Little 2",2002,77,English,USA,Color,120000000,71,0,36471,185,459,54,PG
230,Elysium,2013,109,English,USA,Color,115000000,476,0,338087,235,61000,66,R
231,"The Chronicles of Riddick",2004,134,English,USA,Color,105000000,207,0,183909,235,0,67,PG-13
232,RoboCop,2014,117,English,USA,Color,100000000,492,0,182899,235,60000,62,PG-13
233,"Speed Racer",2008,135,English,USA,Color,120000000,284,0,57873,235,0,61,PG
234,"How Do You Know",2010,121,English,USA,Color,120000000,168,4,35066,185,0,53,PG-13
235,"Knight and Day",2010,117,English,USA,Color,117000000,283,0,148280,235,11000,63,PG-13
236,Oblivion,2013,124,English,USA,Color,120000000,539,0,387436,235,71000,70,PG-13
237,"Star Wars: Episode III - Revenge of the Sith",2005,140,English,USA,Color,113000000,359,4,520104,235,10000,76,PG-13
238,"Star Wars: Episode II - Attack of the Clones",2002,142,English,USA,Color,115000000,284,3,464310,178,0,67,PG
239,"Monsters, Inc.",2001,92,English,USA,Color,115000000,250,0,585659,185,0,81,G
240,"The Wolverine",2013,138,English,USA,Color,120000000,440,1,328067,235,68000,67,PG-13
241,"Star Wars: Episode I - The Phantom Menace",1999,136,English,USA,Color,115000000,320,1,534658,235,13000,65,PG
242,"The Croods",2013,98,English,USA,Color,135000000,257,3,150618,235,28000,73,PG
243,"Asterix at the Olympic Games",2008,116,French,France,Color,78000000,33,1,20567,235,291,51,
244,Windtalkers,2002,153,English,USA,Color,115000000,152,0,55994,235,0,60,R
245,"The Huntsman: Winter's War",2016,120,English,USA,Color,115000000,231,2,37750,235,16000,61,PG-13
246,"Teenage Mutant Ninja Turtles",2014,101,English,USA,Color,125000000,348,0,167085,235,62000,59,PG-13
247,Gravity,2013,91,English,UK,Color,100000000,738,0,582917,235,147000,78,PG-13
248,"Dante's Peak",1997,108,English,USA,Color,116000000,93,1,62271,235,0,58,PG-13
250,"Fantastic Four",2015,100,English,USA,Color,120000000,369,3,110486,235,41000,43,PG-13
251,"Night at the Museum",2006,108,English,USA,Color,110000000,179,2,234480,185,3000,64,PG
252,"San Andreas",2015,114,English,USA,Color,110000000,358,0,147497,235,52000,61,PG-13
253,"Tomorrow Never Dies",1997,119,English,UK,Color,110000000,160,3,149680,235,0,65,PG-13
254,"The Patriot",2000,142,English,USA,Color,110000000,192,1,207613,235,4000,71,R
255,"Ocean's Twelve",2004,125,English,USA,Color,110000000,198,0,284852,235,0,64,PG-13
256,"Mr. & Mrs. Smith",2005,126,English,USA,Color,120000000,233,2,348861,235,0,65,PG-13
257,Insurgent,2015,119,English,USA,Color,110000000,263,0,154621,235,27000,63,PG-13
258,"The Aviator",2004,170,English,USA,"Black and White",110000000,267,0,264318,235,0,75,PG-13
259,"Gulliver's Travels",2010,85,English,USA,Color,112000000,184,1,53160,235,0,49,PG
260,"The Green Hornet",2011,119,English,USA,Color,120000000,447,0,136019,235,14000,58,PG-13
262,"300: Rise of an Empire",2014,102,English,USA,Color,110000000,366,0,225273,235,71000,62,R
263,"The Smurfs",2011,103,English,USA,Color,110000000,172,3,66593,178,31000,55,PG
264,"Home on the Range",2004,76,English,USA,Color,110000000,104,0,13581,178,304,54,PG
265,Allegiant,2016,120,English,USA,Color,110000000,181,3,44296,235,12000,58,PG-13
266,"Real Steel",2011,127,English,USA,Color,110000000,327,1,254841,235,36000,71,PG-13
267,"The Smurfs 2",2013,105,English,USA,Color,105000000,125,3,27257,185,0,54,PG
268,"Speed 2: Cruise Control",1997,121,English,USA,Color,160000000,79,0,60573,235,894,37,PG-13
269,"Ender's Game",2013,114,English,USA,Color,110000000,326,4,184561,235,123000,67,PG-13
270,"Live Free or Die Hard",2007,129,English,USA,Color,110000000,354,1,336235,235,0,72,PG-13
272,"Around the World in 80 Days",2004,120,English,USA,Color,110000000,188,0,68720,235,0,58,PG
273,Ali,2001,165,English,USA,"Black and White",107000000,174,1,79186,235,0,68,R
274,"The Cat in the Hat",2003,82,English,USA,Color,109000000,109,1,36033,185,946,38,PG
275,"I, Robot",2004,115,English,USA,Color,120000000,225,1,387632,235,0,71,PG-13
276,"Kingdom of Heaven",2005,194,English,USA,Color,130000000,239,1,217373,235,0,72,R
277,"Stuart Little",1999,84,English,Germany,Color,133000000,101,0,94172,185,0,59,PG
278,"The Princess and the Frog",2009,97,English,USA,Color,105000000,228,0,89351,185,5000,71,G
279,"The Martian",2015,151,English,USA,Color,108000000,568,1,472488,235,153000,81,PG-13
281,"The Island",2005,136,English,USA,Color,126000000,257,1,263329,235,0,69,PG-13
282,"Town & Country",2001,104,English,"New Line",Color,90000000,62,0,4102,185,53,44,R
283,"Gone in Sixty Seconds",2000,127,English,USA,Color,90000000,175,1,218341,235,0,65,PG-13
284,Gladiator,2000,171,English,USA,Color,103000000,265,0,982637,235,21000,85,R
285,"Minority Report",2002,145,English,USA,Color,102000000,252,0,399651,235,0,77,PG-13
286,"Harry Potter and the Chamber of Secrets",2002,174,English,UK,Color,100000000,232,1,387616,235,0,74,PG
287,"Casino Royale",2006,144,English,UK,"Black and White",150000000,400,1,470483,235,0,80,PG-13
288,"Planet of the Apes",2001,119,English,USA,Color,100000000,230,0,177725,235,0,57,PG-13
289,"Terminator 2: Judgment Day",1991,153,English,USA,Color,102000000,210,0,744891,235,13000,85,R
290,"Public Enemies",2009,140,English,USA,Color,100000000,357,1,230931,235,0,70,R
291,"American Gangster",2007,176,English,USA,Color,100000000,300,0,324671,185,0,78,R
292,"True Lies",1994,141,English,USA,Color,115000000,94,0,190439,235,0,72,R
293,"The Taking of Pelham 1 2 3",2009,106,English,USA,Color,100000000,267,1,149998,235,0,64,R
294,"Little Fockers",2010,98,English,USA,Color,100000000,180,10,85531,185,0,55,PG-13
295,"The Other Guys",2010,116,English,USA,Color,100000000,265,2,189806,235,16000,67,PG-13
296,Eraser,1996,115,English,USA,Color,100000000,81,1,84424,235,0,61,R
297,"Django Unchained",2012,165,English,USA,Color,100000000,765,1,955174,235,199000,85,R
298,"The Hunchback of Notre Dame",1996,91,English,USA,Color,100000000,80,0,102933,178,0,69,G
299,"The Emperor's New Groove",2000,78,English,USA,Color,100000000,141,1,128285,166,0,73,G
300,"The Expendables 2",2012,103,English,USA,Color,92000000,383,3,246803,235,108000,67,R
301,"National Treasure",2004,131,English,USA,Color,100000000,193,0,255447,235,0,69,PG
302,Eragon,2006,104,English,USA,"Black and White",100000000,170,0,108076,235,0,51,PG
303,"Where the Wild Things Are",2009,101,English,Germany,Color,100000000,333,0,87677,235,11000,68,PG
304,Pan,2015,111,English,USA,Color,150000000,256,4,39956,235,24000,58,PG
305,Epic,2013,102,English,USA,Color,100000000,203,2,85833,235,17000,67,PG
306,"The Tourist",2010,103,English,USA,Color,100000000,321,0,176598,235,25000,60,PG-13
307,"End of Days",1999,121,English,USA,Color,83000000,174,0,89509,235,2000,57,R
308,"Blood Diamond",2006,143,English,Germany,Color,100000000,166,0,400292,235,14000,80,R
309,"The Wolf of Wall Street",2013,240,English,USA,Color,100000000,606,3,780588,235,138000,82,R
310,"Batman Forever",1995,121,English,USA,Color,100000000,144,4,190786,185,0,54,PG-13
311,"Starship Troopers",1997,129,English,USA,Color,105000000,192,0,221521,185,0,72,R
312,"Cloud Atlas",2012,172,English,Germany,Color,102000000,511,5,284825,235,124000,75,R
313,"Legend of the Guardians: The Owls of Ga'Hoole",2010,101,English,USA,Color,80000000,188,1,65785,235,16000,70,PG
314,Catwoman,2004,87,English,USA,Color,100000000,212,0,87451,235,0,33,PG-13
315,Hercules,2014,101,English,USA,Color,100000000,245,0,115687,235,21000,60,PG-13
316,"Treasure Planet",2002,95,English,USA,Color,140000000,127,0,71527,15,0,71,PG
317,"Land of the Lost",2009,102,English,USA,Color,100000000,167,1,52029,185,0,54,PG-13
318,"The Expendables 3",2014,131,English,USA,Color,90000000,320,15,127258,235,56000,61,PG-13
319,"Point Break",2015,114,English,USA,Color,105000000,163,1,33953,235,37000,53,PG-13
320,"Son of the Mask",2005,94,English,USA,Color,84000000,78,0,40751,185,881,22,PG
321,"In the Heart of the Sea",2015,122,English,USA,Color,100000000,289,0,71782,185,27000,70,PG-13
322,"The Adventures of Pluto Nash",2002,95,English,USA,Color,100000000,66,1,20295,185,416,38,PG-13
323,"Green Zone",2010,115,English,France,Color,100000000,266,1,110364,235,0,69,R
324,"The Peanuts Movie",2015,88,English,USA,Color,99000000,208,0,27918,185,33000,72,G
325,"The Spanish Prisoner",1997,110,English,USA,Color,10000000,97,0,18697,185,578,73,PG
326,"The Mummy Returns",2001,130,English,USA,Color,98000000,202,5,248045,235,0,63,PG-13
327,"Gangs of New York",2002,216,English,USA,Color,100000000,233,3,314033,235,0,75,R
328,"The Flowers of War",2011,146,Mandarin,China,Color,94000000,136,2,38690,235,13000,76,R
329,"Surf's Up",2007,85,English,USA,Color,100000000,154,0,54077,185,0,68,PG
330,"The Stepford Wives",2004,93,English,USA,Color,90000000,169,1,49739,185,0,52,PG-13
331,"Black Hawk Down",2001,152,English,USA,Color,92000000,200,0,292022,235,10000,77,R
332,"The Campaign",2012,85,English,USA,Color,95000000,255,0,106790,185,18000,62,R
333,"The Fifth Element",1997,126,English,France,Color,93000000,173,2,343274,235,18000,77,PG-13
334,"Sex and the City 2",2010,146,English,USA,Color,100000000,221,4,59581,185,0,43,R
335,"The Road to El Dorado",2000,89,English,USA,Color,95000000,82,1,58300,185,0,69,PG
336,"Ice Age: Continental Drift",2012,88,English,USA,Color,95000000,233,0,145321,235,14000,66,PG
337,Cinderella,2015,105,English,USA,Color,95000000,343,1,103737,235,56000,70,PG
338,"The Lovely Bones",2009,135,English,USA,Color,65000000,308,1,125109,235,16000,67,PG-13
339,"Finding Nemo",2003,100,English,USA,Color,94000000,301,0,692482,185,11000,82,G
340,"The Lord of the Rings: The Return of the King",2003,192,English,USA,Color,94000000,328,2,1215718,235,16000,89,PG-13
341,"The Lord of the Rings: The Two Towers",2002,172,English,USA,Color,94000000,294,1,1100446,235,10000,87,PG-13
342,"Seventh Son",2014,102,English,USA,Color,95000000,175,4,54501,235,16000,55,PG-13
343,"Lara Croft: Tomb Raider",2001,100,English,USA,Color,115000000,199,1,157016,235,0,57,PG-13
344,Transcendence,2014,119,English,UK,Color,100000000,355,1,172707,235,37000,63,PG-13
345,"Jurassic Park III",2001,92,English,USA,Color,93000000,198,0,219501,185,0,59,PG-13
346,"Rise of the Planet of the Apes",2011,105,English,USA,Color,93000000,529,0,403836,235,47000,76,PG-13
347,"The Spiderwick Chronicles",2008,107,English,USA,Color,90000000,198,0,68935,235,0,66,PG
348,"A Good Day to Die Hard",2013,101,English,USA,Color,92000000,412,2,165618,185,66000,53,R
349,"The Alamo",2004,137,English,USA,Color,107000000,106,0,16832,235,701,60,PG-13
350,"The Incredibles",2004,115,English,USA,Color,92000000,283,0,479166,235,0,80,PG
351,"Cutthroat Island",1995,124,English,USA,Color,98000000,61,3,21102,235,1000,56,PG-13
353,"Men in Black",1997,98,English,USA,Color,90000000,175,0,403014,185,0,73,PG-13
354,"Toy Story 2",1999,82,English,USA,Color,90000000,191,2,385871,185,0,79,G
355,Unstoppable,2010,98,English,USA,Color,100000000,316,1,149947,235,18000,68,PG-13
356,"Rush Hour 2",2001,90,English,USA,Color,90000000,127,2,160440,235,0,66,PG-13
357,"What Lies Beneath",2000,130,English,USA,Color,100000000,185,0,98403,235,0,66,PG-13
358,"Cloudy with a Chance of Meatballs",2009,90,English,USA,Color,100000000,191,1,152601,235,0,70,PG
359,"Ice Age: Dawn of the Dinosaurs",2009,94,English,USA,Color,90000000,188,0,166791,185,0,70,PG
360,"The Secret Life of Walter Mitty",2013,114,English,USA,Color,90000000,362,1,236421,235,70000,73,PG
361,"Charlie's Angels",2000,94,English,USA,Color,92000000,181,0,145350,235,0,55,PG-13
362,"The Departed",2006,151,English,USA,Color,90000000,352,0,873649,235,29000,85,R
363,Mulan,1998,88,English,USA,Color,90000000,143,0,171792,166,12000,75,G
364,"Tropic Thunder",2008,121,English,USA,Color,92000000,308,3,307539,235,0,70,R
365,"The Girl with the Dragon Tattoo",2011,158,English,USA,Color,90000000,517,1,330152,235,54000,78,R
366,"Die Hard with a Vengeance",1995,128,English,USA,Color,90000000,148,1,299258,235,0,76,R
367,"Sherlock Holmes",2009,128,English,USA,Color,90000000,415,3,477300,185,20000,76,PG-13
369,"Atlantis: The Lost Empire",2001,95,English,USA,Color,120000000,146,0,72591,235,0,68,PG
370,"Alvin and the Chipmunks: The Road Chip",2015,92,English,USA,Color,90000000,70,0,9418,185,0,50,PG
371,Valkyrie,2008,121,English,USA,Color,75000000,269,0,183247,185,0,71,PG-13
372,"You Don't Mess with the Zohan",2008,113,English,USA,Color,90000000,198,0,156348,185,0,55,PG-13
373,Pixels,2015,106,English,USA,Color,88000000,253,0,89770,235,39000,56,PG-13
374,"A.I. Artificial Intelligence",2001,146,English,USA,Color,100000000,281,0,238747,185,11000,71,PG-13
375,"The Haunted Mansion",2003,88,English,USA,Color,90000000,122,0,32049,235,988,49,PG
376,Contact,1997,150,English,USA,Color,90000000,159,2,200556,235,15000,74,PG
377,"Hollow Man",2000,119,English,USA,Color,95000000,180,0,101834,185,0,57,R
378,"The Interpreter",2005,128,Aboriginal,UK,Color,80000000,227,1,86152,235,0,64,PG-13
379,"Percy Jackson: Sea of Monsters",2013,106,English,USA,Color,90000000,183,0,86627,235,28000,59,PG
380,"Lara Croft Tomb Raider: The Cradle of Life",2003,117,English,USA,Color,95000000,157,1,102747,235,0,55,PG-13
381,"Now You See Me 2",2016,129,English,USA,Color,90000000,196,6,40862,235,15000,69,PG-13
382,"The Saint",1997,116,English,USA,Color,68000000,64,0,52136,235,0,62,PG-13
383,"Spy Game",2001,114,English,Germany,Color,92000000,142,2,121259,235,0,70,R
384,"Mission to Mars",2000,114,English,USA,Color,90000000,181,0,60467,235,0,56,PG
385,Rio,2011,96,English,USA,Color,90000000,240,0,165333,235,19000,70,G
386,"Bicentennial Man",1999,132,English,USA,Color,100000000,93,0,87785,185,0,68,PG
387,Volcano,1997,104,English,USA,Color,90000000,84,0,58227,185,2000,54,PG-13
388,"The Devil's Own",1997,111,English,USA,Color,86000000,66,0,45602,235,979,61,R
389,"K-19: The Widowmaker",2002,138,English,UK,Color,100000000,136,1,49311,235,0,67,PG-13
390,"Fantastic Four",2015,100,English,USA,Color,120000000,369,3,110486,235,41000,43,PG-13
391,"Conan the Barbarian",1982,129,English,USA,Color,20000000,166,0,113065,235,0,69,R
392,"Cinderella Man",2005,144,English,USA,Color,88000000,201,0,148238,235,0,80,PG-13
393,"The Nutcracker in 3D",2010,110,English,UK,Color,90000000,47,0,2508,235,788,44,PG
394,Seabiscuit,2003,140,English,USA,"Black and White",87000000,175,0,57661,235,0,73,PG-13
395,Twister,1996,113,English,USA,Color,92000000,114,0,144053,235,0,63,PG-13
396,"The Fast and the Furious",2001,106,English,USA,Color,38000000,187,2,272223,235,14000,67,PG-13
397,"Cast Away",2000,143,English,USA,Color,90000000,221,1,394317,185,23000,77,PG-13
398,"Happy Feet",2006,108,English,USA,Color,100000000,206,0,132501,235,0,65,PG
399,"The Bourne Supremacy",2004,108,English,USA,Color,75000000,239,1,348232,235,0,78,PG-13
400,"Air Force One",1997,124,English,USA,Color,85000000,142,1,146134,235,0,64,R
401,"Ocean's Eleven",2001,116,English,USA,Color,85000000,186,4,402645,235,0,78,PG-13
402,"The Three Musketeers",2011,110,English,Germany,Color,75000000,228,8,88542,235,19000,58,PG-13
403,"Hotel Transylvania",2012,91,English,USA,Color,85000000,256,2,164148,185,28000,71,PG
404,Enchanted,2007,107,English,USA,Color,85000000,222,2,142496,235,0,71,PG
406,"Safe House",2012,115,English,USA,Color,85000000,298,1,166693,235,19000,68,R
407,"102 Dalmatians",2000,100,English,USA,Color,85000000,84,1,26413,185,372,48,G
408,"Tower Heist",2011,104,English,USA,Color,75000000,236,5,110073,235,0,62,PG-13
409,"The Holiday",2006,138,English,USA,Color,85000000,157,3,182757,185,19000,69,PG-13
410,"Enemy of the State",1998,140,English,USA,Color,90000000,81,4,188116,235,0,73,R
411,"It's Complicated",2009,120,English,USA,Color,85000000,187,2,69860,185,0,66,R
412,"Ocean's Thirteen",2007,122,English,USA,Color,85000000,238,3,256928,235,0,69,PG-13
413,"Open Season",2006,83,English,USA,Color,85000000,107,1,65270,185,863,62,PG
414,Divergent,2014,139,English,USA,Color,85000000,459,2,341058,235,49000,67,PG-13
415,"Enemy at the Gates",2001,131,English,USA,Color,68000000,187,1,188887,235,0,76,R
416,"The Rundown",2003,104,English,USA,Color,85000000,151,1,82731,235,0,67,PG-13
417,"Last Action Hero",1993,130,English,USA,Color,70000000,80,1,106528,235,0,62,PG-13
418,"Memoirs of a Geisha",2005,145,English,USA,Color,85000000,229,1,119286,235,0,73,PG-13
419,"The Fast and the Furious: Tokyo Drift",2006,104,English,USA,Color,85000000,158,5,179500,235,0,60,PG-13
420,"Arthur Christmas",2011,97,English,UK,Color,100000000,190,1,35446,185,0,71,PG
421,"Meet Joe Black",1998,178,English,USA,Color,90000000,98,0,169023,185,10000,71,PG-13
422,"Collateral Damage",2002,108,English,USA,Color,85000000,135,1,61417,185,941,55,R
424,"Mirror Mirror",2012,106,English,USA,Color,85000000,382,1,70838,185,18000,56,PG
425,"Scott Pilgrim vs. the World",2010,112,English,USA,Color,60000000,393,0,273921,185,36000,75,PG-13
426,"The Core",2003,135,English,USA,Color,60000000,149,0,77029,235,0,54,PG-13
427,"Nutty Professor II: The Klumps",2000,109,English,USA,Color,65000000,94,1,39391,185,374,43,PG-13
428,Scooby-Doo,2002,86,English,USA,Color,84000000,138,3,71424,185,0,49,PG
429,Dredd,2012,95,English,UK,Color,35000000,432,0,203458,235,46000,71,R
430,Click,2006,107,English,USA,Color,70000000,173,1,246492,185,7000,64,PG-13
431,Creepshow,1982,130,English,USA,Color,8000000,127,0,29932,185,0,69,R
432,"Cats & Dogs: The Revenge of Kitty Galore",2010,82,English,USA,Color,85000000,91,0,10233,185,0,43,PG
433,Jumper,2008,88,English,USA,Color,85000000,238,0,243053,235,0,61,PG-13
434,"Hellboy II: The Golden Army",2008,120,English,USA,Color,85000000,345,0,208422,185,3000,70,PG-13
435,Zodiac,2007,162,English,USA,Color,65000000,377,0,301279,235,12000,77,R
436,"The 6th Day",2000,123,English,USA,Color,82000000,170,1,100001,235,0,59,PG-13
437,"Bruce Almighty",2003,101,English,USA,Color,81000000,191,1,296904,185,0,67,PG-13
438,"The Expendables",2010,113,English,USA,Color,80000000,424,9,270226,235,57000,65,R
439,"Mission: Impossible",1996,110,English,USA,Color,80000000,154,0,300542,235,0,71,PG-13
440,"The Hunger Games",2012,142,English,USA,Color,78000000,673,0,701607,235,140000,73,PG-13
441,"The Hangover Part II",2011,102,English,USA,Color,80000000,383,0,375879,235,56000,65,R
442,"Batman Returns",1992,126,English,USA,Color,80000000,153,0,215255,185,0,70,PG-13
443,"Over the Hedge",2006,83,English,USA,Color,80000000,166,1,127345,185,0,68,PG
444,"Lilo & Stitch",2002,85,English,USA,Color,80000000,180,0,117212,166,0,72,PG
446,"Deep Impact",1998,120,English,USA,Color,75000000,125,0,135601,235,0,61,PG-13
447,"RED 2",2013,116,English,USA,Color,84000000,234,7,125036,235,22000,67,PG-13
448,"The Longest Yard",2005,113,English,USA,Color,82000000,134,11,130070,235,0,64,PG-13
449,"Alvin and the Chipmunks: Chipwrecked",2011,87,English,USA,Color,75000000,91,0,22838,185,0,44,G
450,"Grown Ups 2",2013,101,English,USA,Color,80000000,139,4,107817,185,14000,54,PG-13
451,"Get Smart",2008,110,English,USA,Color,80000000,265,1,168172,185,0,65,PG-13
452,"Something's Gotta Give",2003,128,English,USA,Color,80000000,145,1,91092,185,0,67,PG-13
453,"Shutter Island",2010,138,English,USA,Color,80000000,490,0,786092,235,53000,81,R
454,"Four Christmases",2008,88,English,Germany,Color,80000000,141,2,48500,185,0,56,PG-13
455,Robots,2005,91,English,USA,Color,75000000,163,1,103022,185,0,63,PG
456,Face/Off,1997,138,English,USA,Color,80000000,155,0,283967,235,11000,73,R
457,"Bedtime Stories",2008,99,English,USA,Color,80000000,144,0,72326,235,0,61,PG
458,"Road to Perdition",2002,117,English,USA,Color,80000000,226,0,200359,235,0,77,R
459,"Just Go with It",2011,117,English,USA,Color,80000000,204,1,172878,185,19000,64,PG-13
461,"Con Air",1997,123,English,USA,Color,75000000,139,6,225282,235,0,68,R
462,"Eagle Eye",2008,118,English,USA,Color,80000000,215,3,150764,235,0,66,PG-13
463,"Cold Mountain",2003,154,English,USA,Color,79000000,198,3,118483,235,0,72,R
464,"The Book of Eli",2010,118,English,USA,Color,80000000,325,0,227072,235,20000,69,R
465,Flubber,1997,90,English,USA,Color,80000000,53,1,63625,185,0,52,PG
466,"The Haunting",1999,113,English,USA,Color,80000000,167,0,58184,235,0,49,PG-13
467,"Space Jam",1996,88,English,USA,Color,80000000,46,1,112167,177,0,63,PG
468,"The Pink Panther",2006,93,English,USA,Color,65000000,147,0,65499,185,0,56,PG
469,"The Day the Earth Stood Still",2008,104,English,USA,Color,80000000,276,0,139423,235,0,55,PG-13
470,"Conspiracy Theory",1997,135,English,USA,Color,75000000,80,1,76099,235,0,67,R
471,Fury,2014,134,English,USA,Color,68000000,406,4,303185,235,82000,76,R
472,"Six Days Seven Nights",1998,98,English,USA,Color,70000000,97,2,60910,235,0,57,PG-13
473,"Yogi Bear",2010,80,English,USA,Color,80000000,143,0,16385,185,0,46,PG
474,"Spirit: Stallion of the Cimarron",2002,83,English,USA,Color,80000000,106,0,44143,235,4000,70,G
475,Zookeeper,2011,102,English,USA,Color,80000000,178,1,44662,235,0,52,PG
476,"Lost in Space",1998,130,English,USA,Color,80000000,102,0,58402,235,0,51,PG-13
477,"The Manchurian Candidate",2004,129,English,USA,Color,80000000,209,1,86422,185,0,66,R
479,"Hotel Transylvania 2",2015,89,English,USA,Color,80000000,152,0,56501,185,16000,67,PG
481,"Fantasia 2000",1999,74,English,USA,Color,80000000,129,0,27543,178,607,73,G
482,"The Time Machine",2002,96,English,USA,Color,80000000,124,0,103787,235,3000,59,PG-13
483,"Mighty Joe Young",1998,114,English,USA,Color,90000000,35,0,22955,185,0,56,PG
484,Swordfish,2001,99,English,USA,Color,80000000,166,4,155532,235,0,65,R
485,"The Legend of Zorro",2005,129,Spanish,USA,Color,75000000,137,1,71574,235,951,59,PG
486,"What Dreams May Come",1998,113,English,USA,Color,85000000,121,1,83560,235,32000,70,PG-13
487,"Little Nicky",2000,90,English,USA,Color,80000000,87,0,80639,185,0,53,PG-13
488,"The Brothers Grimm",2005,118,English,USA,Color,88000000,233,2,98472,185,0,59,PG-13
489,"Mars Attacks!",1996,106,English,USA,Color,70000000,132,3,172217,235,0,63,PG-13
492,Surrogates,2009,89,English,USA,Color,80000000,258,5,151424,235,0,63,PG-13
493,"Thirteen Days",2000,145,English,USA,Color,80000000,162,1,45231,185,0,73,PG-13
494,Daylight,1996,114,English,USA,Color,80000000,61,0,53132,185,0,58,PG-13
495,"Walking with Dinosaurs 3D",2013,87,English,USA,Color,80000000,113,0,8913,235,0,52,PG
496,"Battlefield Earth",2000,119,English,USA,Color,44000000,174,0,65464,235,0,24,PG-13
497,"Looney Tunes: Back in Action",2003,91,English,Germany,Color,80000000,101,4,24183,235,665,57,PG
498,Nine,2009,118,English,USA,"Black and White",80000000,205,4,37446,235,0,58,PG-13
499,Timeline,2003,116,English,USA,Color,80000000,123,0,53057,235,0,56,PG-13
500,"The Postman",1997,177,English,USA,Color,80000000,79,1,56403,235,0,60,R
501,"Babe: Pig in the City",1998,97,English,Australia,Color,80000000,61,0,24868,185,964,58,G
502,"The Last Witch Hunter",2015,106,English,USA,Color,90000000,202,0,58752,235,21000,60,PG-13
503,"Red Planet",2000,106,English,USA,Color,70000000,145,1,47612,235,995,57,PG-13
504,"Arthur and the Invisibles",2006,94,English,France,Color,86000000,101,0,25843,235,941,60,PG
505,Oceans,2009,104,French,France,Color,40000000,113,0,7630,235,0,78,G
506,"A Sound of Thunder",2005,102,English,UK,Color,52000000,113,0,16474,235,785,42,PG-13
507,Pompeii,2014,105,English,Canada,Color,80000000,272,0,84508,235,20000,56,PG-13
508,"Top Cat Begins",2015,89,Spanish,Mexico,Color,8000000,3,0,230,,138,44,PG
509,"A Beautiful Mind",2001,135,English,USA,Color,58000000,205,0,610568,185,29000,82,PG-13
510,"The Lion King",1994,73,English,USA,Color,45000000,186,0,644348,166,17000,85,G
511,"Journey 2: The Mysterious Island",2012,94,English,USA,Color,79000000,178,3,67296,185,0,58,PG
512,"Cloudy with a Chance of Meatballs 2",2013,95,English,USA,Color,78000000,169,0,64387,235,15000,65,PG
513,"Red Dragon",2002,124,English,Germany,Color,78000000,210,0,204063,235,0,72,R
514,Hidalgo,2004,136,English,USA,Color,100000000,140,1,67856,235,0,67,PG-13
515,"Jack and Jill",2011,91,English,USA,Color,79000000,156,2,60370,185,0,34,PG
516,"2 Fast 2 Furious",2003,107,English,USA,Color,76000000,150,5,191912,235,0,59,PG-13
517,"The Little Prince",2015,108,English,France,Color,81200000,119,1,28276,235,31000,78,PG
518,"The Invasion",2007,99,English,USA,Color,80000000,232,2,65037,185,0,59,PG-13
519,"The Adventures of Rocky & Bullwinkle",2000,92,English,USA,Color,76000000,49,0,16611,185,413,41,PG
520,"The Secret Life of Pets",2016,87,English,Japan,Color,75000000,165,0,24407,185,36000,68,PG
521,"The League of Extraordinary Gentlemen",2003,110,English,USA,"Black and White",78000000,202,3,141533,235,0,58,PG-13
522,"Despicable Me 2",2013,98,English,USA,Color,76000000,306,0,286877,185,56000,75,PG
523,"Independence Day",1996,154,English,USA,Color,75000000,185,0,430055,235,16000,69,PG-13
524,"The Lost World: Jurassic Park",1997,129,English,USA,Color,73000000,177,0,278362,185,0,65,PG-13
525,Madagascar,2005,86,English,USA,Color,75000000,181,0,266636,185,0,69,PG
526,"Children of Men",2006,109,English,USA,Color,76000000,372,0,361767,185,17000,79,R
527,X-Men,2000,104,English,USA,Color,75000000,290,0,452928,235,0,74,PG-13
528,Wanted,2008,110,English,USA,Color,75000000,316,0,299852,235,0,67,R
529,"The Rock",1996,136,English,USA,Color,75000000,122,1,259492,235,51000,74,R
530,"Ice Age: The Meltdown",2006,115,English,USA,Color,80000000,164,0,194249,185,0,69,PG
531,"50 First Dates",2004,99,English,USA,Color,75000000,147,2,266103,235,11000,68,PG-13
532,Hairspray,2007,117,English,USA,Color,75000000,219,9,98693,235,0,67,PG
533,"Exorcist: The Beginning",2004,125,English,USA,Color,50000000,167,0,28635,20,893,51,R
534,"Inspector Gadget",1999,110,English,USA,Color,75000000,70,0,36491,185,509,41,PG
535,"Now You See Me",2013,125,English,USA,Color,75000000,384,6,447979,235,105000,73,PG-13
536,"Grown Ups",2010,102,English,USA,Color,80000000,179,4,181443,185,12000,60,PG-13
537,"The Terminal",2004,128,English,USA,Color,60000000,151,0,303864,185,16000,73,PG-13
539,"Hotel for Dogs",2009,100,English,USA,Color,35000000,107,4,16271,185,1000,54,PG
540,"Vertical Limit",2000,124,English,USA,Color,75000000,134,0,49536,185,0,59,PG-13
541,"Charlie Wilson's War",2007,102,English,USA,Color,75000000,269,1,88451,185,0,71,R
542,"Shark Tale",2004,90,English,USA,Color,75000000,143,0,132415,185,0,60,PG
543,Dreamgirls,2006,130,English,USA,Color,70000000,241,0,55901,235,0,65,PG-13
545,"Be Cool",2005,118,English,USA,Color,53000000,161,4,59435,24,0,57,PG-13
546,Munich,2005,163,English,France,Color,70000000,298,0,176936,235,0,76,R
547,"Tears of the Sun",2003,142,English,USA,Color,70000000,89,1,93494,235,0,66,R
548,Killers,2010,100,English,USA,Color,75000000,140,2,72867,235,0,54,PG-13
549,"The Man from U.N.C.L.E.",2015,116,English,USA,Color,75000000,362,2,175960,235,43000,73,PG-13
550,Spanglish,2004,131,English,USA,Color,80000000,124,2,65668,185,0,65,PG-13
551,"Monster House",2006,91,English,USA,Color,75000000,190,0,71137,235,0,66,PG
552,Bandits,2001,123,English,USA,Color,80000000,132,2,57038,235,0,66,PG-13
553,"First Knight",1995,134,English,USA,Color,55000000,53,3,55350,185,0,59,PG-13
554,"Anna and the King",1999,148,English,USA,Color,75000000,91,2,31080,235,0,67,PG-13
555,Immortals,2011,110,English,USA,Color,75000000,284,1,138190,185,30000,61,R
556,Hostage,2005,113,English,USA,Color,52000000,152,0,93790,235,0,66,R
557,"Titan A.E.",2000,94,English,USA,Color,75000000,131,0,52244,235,0,66,PG
558,"Hollywood Homicide",2003,116,English,USA,Color,75000000,132,2,31293,235,648,53,PG-13
559,Soldier,1998,99,English,UK,Color,75000000,67,1,44248,235,0,60,R
561,Monkeybone,2001,93,English,USA,Color,75000000,74,0,14280,185,683,47,PG-13
562,"Flight of the Phoenix",2004,113,English,USA,Color,45000000,114,4,45815,235,1000,61,PG-13
563,Unbreakable,2000,106,English,USA,Color,75000000,294,0,245152,235,0,72,PG-13
564,Minions,2015,91,English,USA,Color,74000000,308,0,142403,185,70000,64,PG
565,"Sucker Punch",2011,128,English,USA,Color,82000000,435,4,197584,235,42000,61,PG-13
566,"Snake Eyes",1998,98,English,USA,Color,69000000,117,1,64121,235,880,59,R
567,Sphere,1998,134,English,USA,Color,75000000,108,3,81611,235,0,60,PG-13
568,"The Angry Birds Movie",2016,97,English,USA,Color,73000000,141,0,27130,185,14000,63,PG
569,"Fool's Gold",2008,112,English,USA,Color,70000000,176,0,59352,235,0,56,PG-13
570,"Funny People",2009,153,English,USA,Color,75000000,230,1,100837,185,0,64,R
571,"The Kingdom",2007,110,English,USA,Color,70000000,234,1,101386,235,0,71,R
572,"Talladega Nights: The Ballad of Ricky Bobby",2006,122,English,USA,Color,73000000,164,5,130776,235,0,66,PG-13
573,"Dr. Dolittle 2",2001,87,English,USA,Color,72000000,91,0,33884,235,266,46,PG
574,Braveheart,1995,178,English,USA,Color,72000000,132,1,736638,235,17000,84,R
575,Jarhead,2005,125,English,Germany,Color,70000000,262,0,143525,235,0,71,R
576,"The Simpsons Movie",2007,87,English,USA,Color,75000000,299,0,259083,235,0,74,PG-13
577,"The Majestic",2001,152,English,USA,Color,72000000,128,1,45031,185,0,69,PG
578,Driven,2001,116,English,USA,Color,72000000,109,0,34435,235,886,45,PG-13
579,"Two Brothers",2004,109,English,France,Color,59660000,88,0,11798,235,2000,71,PG
580,"The Village",2004,108,English,USA,Color,60000000,261,0,193770,185,0,65,PG-13
581,"Doctor Dolittle",1998,85,English,USA,Color,71500000,73,0,74343,185,694,53,PG-13
582,Signs,2002,106,English,USA,Color,72000000,208,0,271592,185,0,67,PG-13
583,"Shrek 2",2004,93,English,USA,Color,150000000,205,1,314630,185,0,72,PG
584,Cars,2006,117,English,USA,Color,120000000,256,0,263853,235,0,72,G
585,"Runaway Bride",1999,116,English,USA,Color,70000000,103,2,74274,235,0,55,PG
586,xXx,2002,132,English,USA,Color,70000000,191,0,142569,235,10000,58,PG-13
587,"The SpongeBob Movie: Sponge Out of Water",2015,92,English,USA,Color,74000000,147,0,34359,185,16000,60,PG
588,Ransom,1996,139,English,USA,Color,80000000,79,1,98989,185,1000,66,R
589,"Inglourious Basterds",2009,153,English,USA,Color,75000000,486,1,885175,235,42000,83,R
590,Hook,1991,142,English,USA,Color,70000000,75,1,182802,235,13000,67,PG
591,Hercules,2014,101,English,USA,Color,100000000,245,0,115687,235,21000,60,PG-13
592,"Die Hard 2",1990,124,English,USA,Color,70000000,142,0,269858,235,0,71,R
593,S.W.A.T.,2003,117,English,USA,Color,80000000,144,1,119807,235,0,60,PG-13
595,"Vanilla Sky",2001,141,English,USA,Color,68000000,153,1,206776,185,0,69,R
596,"Lady in the Water",2006,110,English,USA,Color,70000000,284,1,78635,185,0,56,PG-13
597,"AVP: Alien vs. Predator",2004,109,English,USA,Color,60000000,247,0,143628,235,0,56,PG-13
598,"Alvin and the Chipmunks: The Squeakquel",2009,88,English,USA,Color,75000000,107,0,31649,185,2000,45,PG
599,"We Were Soldiers",2002,124,English,USA,Color,75000000,141,0,103241,235,5000,71,R
600,"Olympus Has Fallen",2013,119,English,USA,Color,70000000,358,3,203154,235,45000,65,R
601,"Star Trek: Insurrection",1998,103,English,USA,Color,58000000,160,0,56741,235,1000,64,PG
602,"Battle Los Angeles",2011,116,English,USA,Color,70000000,355,0,154955,235,25000,58,PG-13
603,"Big Fish",2003,125,English,USA,Color,70000000,235,0,350698,137,26000,80,PG-13
604,Wolf,1994,125,English,USA,Color,70000000,59,1,43559,185,0,62,R
605,"War Horse",2011,146,English,USA,"Black and White",66000000,388,1,116159,235,28000,72,PG-13
606,"The Monuments Men",2014,118,English,USA,Color,70000000,371,7,102248,235,34000,61,PG-13
607,"The Abyss",1989,171,English,USA,Color,69500000,82,0,131217,235,0,76,PG-13
608,"Wall Street: Money Never Sleeps",2010,136,English,USA,Color,70000000,297,2,84118,235,13000,63,PG-13
609,"Dracula Untold",2014,92,English,USA,Color,70000000,261,1,138582,235,37000,63,PG-13
610,"The Siege",1998,116,English,USA,Color,70000000,120,0,58023,235,0,63,R
611,Stardust,2007,127,English,UK,Color,70000000,228,8,212085,235,15000,77,PG-13
612,"Seven Years in Tibet",1997,136,English,USA,Color,70000000,76,1,96385,235,0,70,PG-13
613,"The Dilemma",2011,111,English,USA,Color,70000000,185,2,43709,235,0,53,PG-13
614,"Bad Company",2002,116,English,USA,Color,70000000,128,2,39659,235,792,56,PG-13
615,Doom,2005,113,English,UK,Color,60000000,237,0,88146,235,0,52,R
616,"I Spy",2002,97,English,USA,Color,70000000,105,1,41663,137,531,54,PG-13
617,"Underworld: Awakening",2012,88,English,USA,Color,70000000,242,1,117096,235,24000,64,R
618,"Rock of Ages",2012,136,English,USA,Color,75000000,360,7,61995,235,33000,59,PG-13
619,"Hart's War",2002,125,English,USA,Color,60000000,112,0,43651,235,997,63,R
620,"Killer Elite",2011,116,English,UK,Color,35000000,189,2,105556,235,17000,65,R
621,Rollerball,2002,98,English,USA,Color,70000000,151,3,22264,235,584,30,R
622,"Ballistic: Ecks vs. Sever",2002,91,English,USA,Color,70000000,92,1,16761,235,391,36,R
623,"Hard Rain",1998,97,English,USA,Color,70000000,79,0,26893,235,815,58,R
624,"Osmosis Jones",2001,95,English,USA,Color,70000000,81,0,25572,235,2000,62,PG
625,"Legends of Oz: Dorothy's Return",2013,88,English,USA,Color,70000000,51,1,5116,,5000,56,PG
626,Blackhat,2015,133,English,USA,Color,70000000,261,1,38983,235,11000,54,R
627,"Sky Captain and the World of Tomorrow",2004,106,English,USA,Color,70000000,197,2,72868,185,0,61,PG
628,"Basic Instinct 2",2006,116,English,UK,Color,70000000,159,1,31124,235,764,42,R
629,"Escape Plan",2013,115,English,USA,Color,50000000,286,1,177653,235,34000,67,R
630,"The Legend of Hercules",2014,99,English,USA,Color,70000000,156,0,44891,235,12000,42,PG-13
631,"The Sum of All Fears",2002,124,English,USA,Color,68000000,176,0,86504,235,0,64,PG-13
632,"The Twilight Saga: Eclipse",2010,124,English,USA,Color,68000000,293,3,184637,235,29000,49,PG-13
633,"The Score",2001,124,English,USA,Color,68000000,141,0,101899,235,0,68,R
634,"Despicable Me",2010,87,English,USA,Color,69000000,304,0,385943,185,31000,77,PG
635,"Money Train",1995,105,English,USA,Color,68000000,40,1,32224,235,617,56,R
636,"Ted 2",2015,125,English,USA,Color,68000000,280,0,117739,235,30000,64,R
637,Agora,2009,141,English,Spain,Color,70000000,180,2,52496,235,29000,72,R
638,"Mystery Men",1999,121,English,USA,Color,65000000,125,4,53970,185,0,60,PG-13
639,"Hall Pass",2011,111,English,USA,Color,36000000,237,3,103230,235,10000,59,R
640,"The Insider",1999,157,English,USA,Color,68000000,209,1,133526,235,0,79,R
642,"Body of Lies",2008,128,English,USA,Color,70000000,238,1,174248,235,0,71,R
644,"Abraham Lincoln: Vampire Hunter",2012,105,English,USA,Color,69000000,393,0,128629,235,98000,59,R
645,Entrapment,1999,113,English,USA,Color,66000000,138,1,88132,235,0,62,PG-13
647,"The X Files",1998,121,English,USA,Color,66000000,142,0,85720,235,0,70,PG-13
648,"The Last Legion",2007,102,English,UK,Color,35000000,90,0,29285,235,0,54,PG-13
649,"Saving Private Ryan",1998,169,English,USA,Color,70000000,219,2,881236,185,22000,86,R
650,"Need for Speed",2014,132,English,USA,Color,66000000,327,1,136954,235,32000,65,PG-13
651,"What Women Want",2000,127,English,USA,Color,70000000,149,1,158864,137,0,64,PG-13
652,"Ice Age",2002,103,English,USA,Color,59000000,193,0,328159,185,3000,76,PG
653,Dreamcatcher,2003,136,English,USA,Color,68000000,175,1,75573,235,4000,55,R
654,Lincoln,2012,150,English,USA,Color,65000000,538,0,197412,235,71000,74,PG-13
655,"The Matrix",1999,136,English,USA,Color,63000000,313,3,1217752,235,25000,87,R
656,"Apollo 13",1995,140,English,USA,Color,62000000,159,0,208817,235,5000,76,PG
657,"Total Recall",1990,113,English,USA,Color,65000000,196,0,240241,185,0,75,R
658,"The Santa Clause 2",2002,104,English,USA,Color,60000000,80,0,34561,185,1000,55,G
659,"Les MisÌ©rables",2012,158,English,USA,Color,61000000,488,1,243834,185,144000,76,PG-13
660,"You've Got Mail",1998,119,English,USA,Color,65000000,153,2,151812,185,0,65,PG
661,"Step Brothers",2008,106,English,USA,Color,65000000,173,2,212499,235,0,69,R
662,"The Mask of Zorro",1998,136,English,USA,Color,65000000,156,0,135404,235,0,67,PG-13
663,"Due Date",2010,95,English,USA,Color,65000000,307,3,272789,235,25000,66,R
664,Unbroken,2014,137,English,USA,Color,65000000,322,0,103589,235,35000,72,PG-13
665,"Space Cowboys",2000,130,English,USA,"Black and White",65000000,169,1,60165,235,0,64,PG-13
666,Cliffhanger,1993,124,English,USA,Color,70000000,74,1,96096,235,0,64,R
667,"Broken Arrow",1996,108,English,USA,Color,50000000,72,2,77390,235,0,60,R
668,"The Kid",2000,104,English,USA,Color,60000000,86,1,34473,185,0,61,PG
669,"World Trade Center",2006,129,English,USA,Color,63000000,242,0,67395,185,0,60,PG-13
670,"Mona Lisa Smile",2003,117,English,USA,Color,65000000,141,1,61490,185,0,64,PG-13
671,"The Dictator",2012,99,English,USA,Color,65000000,313,0,213863,235,59000,64,R
672,"Eyes Wide Shut",1999,159,English,UK,Color,65000000,280,1,227071,166,10000,73,R
673,Annie,2014,118,English,USA,Color,65000000,176,6,24735,239,16000,52,PG
674,Focus,2015,105,English,USA,Color,50100000,279,0,149337,185,23000,66,R
675,"This Means War",2012,103,English,USA,Color,65000000,241,3,147641,235,18000,63,PG-13
676,"Blade: Trinity",2004,122,English,USA,Color,65000000,185,0,132954,235,0,59,R
677,"Red Dawn",1984,114,English,USA,Color,16900000,97,0,41776,185,0,64,PG-13
678,"Primary Colors",1998,143,English,France,Color,65000000,117,0,23940,235,688,67,R
679,"Resident Evil: Retribution",2012,96,English,Germany,Color,65000000,239,0,104831,235,32000,54,R
680,"Death Race",2008,111,English,USA,Color,45000000,230,4,166610,235,0,64,R
681,"The Long Kiss Goodnight",1996,121,English,USA,Color,65000000,94,2,60508,235,4000,67,R
682,"Proof of Life",2000,135,English,USA,Color,65000000,134,1,49300,235,892,62,R
683,"Zathura: A Space Adventure",2005,101,English,USA,Color,65000000,136,0,67707,185,0,61,PG
684,"Fight Club",1999,151,English,USA,Color,63000000,315,2,1347461,235,48000,88,R
685,"We Are Marshall",2006,131,English,USA,Color,65000000,96,0,46951,235,0,71,PG
687,"Hudson Hawk",1991,100,English,USA,Color,70000000,60,0,43376,185,0,57,R
688,"Lucky Numbers",2000,105,English,France,Color,65000000,60,1,8560,185,177,50,R
689,"I, Frankenstein",2014,92,English,Australia,Color,65000000,308,0,65709,235,15000,51,PG-13
690,"Oliver Twist",2005,130,English,UK,Color,50000000,127,0,25474,235,0,69,PG-13
691,Elektra,2005,100,English,Canada,Color,43000000,196,0,71202,235,0,48,PG-13
692,"Sin City: A Dame to Kill For",2014,102,English,USA,"Black and White",65000000,339,3,111102,185,32000,65,R
693,"Random Hearts",1999,133,English,USA,Color,64000000,96,1,17025,185,295,51,R
694,Everest,2015,121,English,UK,Color,55000000,361,0,134625,235,40000,71,PG-13
695,"Perfume: The Story of a Murderer",2006,147,English,Germany,Color,50000000,226,0,190490,235,26000,75,R
696,"Austin Powers in Goldmember",2002,94,English,USA,Color,63000000,194,2,162909,235,0,62,PG-13
697,"Astro Boy",2009,94,English,"Hong Kong",Color,65000000,138,1,25681,235,0,63,PG
698,"Jurassic Park",1993,127,English,USA,Color,63000000,308,0,613473,185,19000,81,PG-13
699,"Wyatt Earp",1994,212,English,USA,Color,63000000,40,0,35314,235,0,66,PG-13
700,"Clear and Present Danger",1994,141,English,USA,Color,62000000,42,1,69663,235,0,69,PG-13
701,"Dragon Blade",2015,103,Mandarin,China,Color,65000000,68,3,11584,235,0,61,R
702,Littleman,2006,98,English,USA,Color,64000000,78,1,39471,185,0,43,PG-13
703,U-571,2000,116,English,France,Color,62000000,178,0,65297,235,0,66,PG-13
704,"The American President",1995,114,English,USA,Color,62000000,75,0,43027,235,0,68,PG-13
705,"The Love Guru",2008,87,English,USA,Color,62000000,150,6,43300,235,0,38,PG-13
706,"3000 Miles to Graceland",2001,125,English,USA,Color,42000000,113,2,38076,235,0,59,R
707,"The Hateful Eight",2015,187,English,USA,Color,44000000,596,1,272839,276,114000,79,R
708,"Blades of Glory",2007,93,English,USA,Color,61000000,191,2,129995,185,0,63,PG-13
709,Hop,2011,95,English,USA,Color,63000000,156,0,24089,185,0,55,PG
710,300,2006,117,English,USA,Color,65000000,460,0,607235,235,13000,77,R
711,"Meet the Fockers",2004,106,English,USA,Color,80000000,141,6,211296,185,0,63,PG-13
712,"Marley & Me",2008,115,English,USA,Color,60000000,180,0,116681,235,11000,71,PG
713,"The Green Mile",1999,189,English,USA,Color,60000000,186,0,782610,185,30000,85,R
715,"Chicken Little",2005,81,English,USA,Color,150000000,161,0,63912,185,912,58,G
716,"Gone Girl",2014,149,English,USA,Color,61000000,568,0,569841,235,146000,81,R
717,"The Bourne Identity",2002,119,English,USA,Color,60000000,249,1,407601,235,0,79,PG-13
718,GoldenEye,1995,130,English,UK,Color,58000000,137,2,199025,235,0,72,PG-13
719,"The General's Daughter",1999,116,English,USA,Color,95000000,113,0,42705,235,885,63,R
720,"The Truman Show",1998,103,English,USA,Color,60000000,213,1,667983,185,18000,81,PG
721,"The Prince of Egypt",1998,99,English,USA,Color,70000000,120,2,91093,185,0,70,PG
722,"Daddy Day Care",2003,92,English,USA,Color,60000000,81,1,49486,185,886,55,PG
723,"2 Guns",2013,109,English,USA,Color,61000000,265,1,156898,235,22000,67,R
724,"Cats & Dogs",2001,87,English,USA,Color,60000000,105,0,46031,185,0,52,PG
725,"The Italian Job",2003,111,English,USA,Color,60000000,155,6,285623,235,0,70,PG-13
726,"Two Weeks Notice",2002,101,English,USA,Color,60000000,118,2,85673,185,0,61,PG-13
727,Antz,1998,83,English,USA,Color,105000000,131,0,124641,185,0,66,PG
728,"Couples Retreat",2009,113,English,USA,Color,60000000,166,6,83506,185,0,55,PG-13
729,"Days of Thunder",1990,107,English,USA,Color,60000000,60,0,60476,235,0,59,PG-13
730,"Cheaper by the Dozen 2",2005,94,English,USA,Color,60000000,77,6,42737,235,781,54,PG
731,"The Scorch Trials",2015,132,English,USA,Color,61000000,249,0,138246,235,24000,64,PG-13
732,"Eat Pray Love",2010,140,English,USA,Color,60000000,213,1,63493,185,26000,57,PG-13
733,"The Family Man",2000,125,English,USA,Color,60000000,121,1,85844,235,0,67,PG-13
734,RED,2010,111,English,USA,Color,58000000,315,4,238916,235,32000,71,PG-13
735,"Any Given Sunday",1999,156,English,USA,Color,55000000,171,5,97047,235,0,68,R
736,"The Horse Whisperer",1998,170,English,USA,Color,60000000,96,0,32353,185,0,65,PG-13
737,Collateral,2004,120,English,USA,Color,65000000,299,0,293662,235,0,76,R
738,"The Scorpion King",2002,100,English,USA,Color,60000000,167,4,102129,235,0,55,PG-13
739,"Ladder 49",2004,115,English,USA,Color,55000000,125,2,48753,185,0,65,PG-13
740,"Jack Reacher",2012,130,English,USA,Color,60000000,387,2,226570,235,38000,70,PG-13
741,"Deep Blue Sea",1999,105,English,USA,Color,60000000,199,1,99043,235,0,58,R
742,"This Is It",2009,111,English,USA,Color,60000000,136,0,33158,178,0,73,PG
743,Contagion,2011,106,English,USA,Color,60000000,436,4,180479,185,42000,66,PG-13
744,"Kangaroo Jack",2003,89,English,USA,Color,60000000,73,0,23476,235,858,44,PG
745,Coraline,2009,100,English,USA,"Black and White",60000000,310,1,143121,185,10000,77,PG
746,"The Happening",2008,91,English,USA,Color,48000000,323,0,163130,185,6000,50,R
747,"Man on Fire",2004,146,English,USA,Color,70000000,171,2,266310,235,14000,77,R
748,"The Shaggy Dog",2006,98,English,USA,Color,50000000,76,0,14888,235,747,44,PG
749,"Starsky & Hutch",2004,101,English,USA,Color,60000000,173,5,120795,235,0,61,PG-13
750,"Jingle All the Way",1996,94,English,USA,Color,60000000,81,1,68406,185,0,54,PG
751,Hellboy,2004,132,English,USA,Color,66000000,242,1,244566,185,0,68,PG-13
752,"A Civil Action",1998,115,English,USA,Color,60000000,110,1,23302,235,1000,65,PG-13
753,ParaNorman,2012,92,English,USA,Color,60000000,328,0,72287,235,12000,70,PG
754,"The Jackal",1997,124,English,USA,Color,60000000,83,0,88225,235,0,63,R
755,Paycheck,2003,119,English,USA,Color,60000000,196,0,89816,235,0,63,PG-13
756,"Up Close & Personal",1996,124,English,USA,Color,60000000,34,2,11370,185,829,61,PG-13
757,"The Tale of Despereaux",2008,93,English,UK,Color,60000000,118,0,31209,235,0,61,G
759,"The Tuxedo",2002,98,English,USA,Color,60000000,81,2,61966,185,797,53,PG-13
760,"Under Siege 2: Dark Territory",1995,92,English,USA,Color,60000000,47,1,35918,185,1000,54,R
761,"Jack Ryan: Shadow Recruit",2014,105,English,USA,Color,60000000,313,3,99035,235,17000,62,PG-13
762,Joy,2015,124,English,USA,Color,60000000,315,3,75329,185,24000,66,PG-13
763,"London Has Fallen",2016,99,English,UK,Color,60000000,225,3,69484,235,28000,59,R
764,"Alien: Resurrection",1997,116,English,USA,Color,75000000,223,0,170179,235,0,63,R
765,Shooter,2007,124,English,USA,Color,61000000,198,0,256213,235,0,72,R
766,"The Boxtrolls",2014,96,English,USA,Color,60000000,219,3,40883,185,11000,68,PG
767,"Practical Magic",1998,104,English,USA,Color,48000000,92,1,55749,235,0,61,PG-13
768,"The Lego Movie",2014,100,English,Australia,Color,60000000,435,0,246698,235,64000,78,PG
769,"Miss Congeniality 2: Armed and Fabulous",2005,115,English,USA,Color,45000000,111,2,51252,235,621,50,PG-13
770,"Reign of Fire",2002,101,English,USA,Color,60000000,138,0,107859,235,0,62,PG-13
771,"Gangster Squad",2013,113,English,USA,Color,60000000,415,3,173530,235,40000,67,R
772,"Year One",2009,100,English,USA,Color,60000000,170,2,76770,185,0,49,PG-13
773,Invictus,2009,134,English,USA,Color,60000000,306,1,124222,235,23000,74,PG-13
775,Duplicity,2009,125,English,USA,Color,60000000,211,0,41727,235,0,62,PG-13
776,"My Favorite Martian",1999,94,English,USA,Color,65000000,49,2,10883,185,448,49,PG
777,"The Sentinel",2006,107,English,USA,Color,60000000,161,0,42144,235,690,61,PG-13
778,"Planet 51",2009,91,English,Spain,Color,70000000,156,1,41259,235,0,61,PG
779,"Star Trek: Nemesis",2002,116,English,USA,Color,60000000,172,0,58450,235,0,64,PG-13
780,"Intolerable Cruelty",2003,100,English,USA,Color,60000000,161,1,76560,185,0,63,PG-13
782,"Edge of Darkness",2010,117,English,UK,Color,80000000,258,1,75201,235,0,66,R
783,"The Relic",1997,110,English,UK,Color,40000000,95,0,19176,235,956,57,R
784,"Analyze That",2002,96,English,USA,Color,60000000,105,1,69319,185,846,59,R
785,"Righteous Kill",2008,101,English,USA,Color,60000000,198,2,73368,235,0,60,R
786,"Mercury Rising",1998,111,English,USA,Color,60000000,79,1,54314,235,0,61,R
787,"The Soloist",2009,117,English,UK,Color,60000000,210,0,44099,235,0,67,PG-13
788,"The Legend of Bagger Vance",2000,126,English,USA,Color,60000000,125,3,45296,185,0,67,PG-13
789,"Almost Famous",2000,152,English,USA,Color,60000000,149,1,207287,185,15000,79,R
791,"xXx: State of the Union",2005,101,English,USA,Color,87000000,77,2,51349,235,0,43,PG-13
792,Priest,2011,87,English,USA,Color,60000000,225,0,97089,235,20000,57,PG-13
793,"Sinbad: Legend of the Seven Seas",2003,85,English,USA,Color,60000000,98,0,36144,166,880,67,PG
794,"Event Horizon",1997,130,English,UK,Color,60000000,172,0,120416,235,10000,67,R
795,"The Avengers",2012,173,English,USA,Color,220000000,703,3,995415,185,123000,81,PG-13
796,Dragonfly,2002,104,English,USA,Color,60000000,117,0,31788,235,0,61,PG-13
797,"The Black Dahlia",2006,121,English,Germany,Color,50000000,240,0,63363,235,0,56,R
798,Flyboys,2006,140,English,UK,"Black and White",60000000,123,1,35565,235,2000,66,PG-13
799,"The Last Castle",2001,131,English,USA,Color,60000000,110,3,57100,235,0,69,R
800,Supernova,2000,91,English,USA,Color,65000000,100,0,14596,235,589,48,PG-13
801,"Winter's Tale",2014,118,English,USA,Color,60000000,189,0,41288,235,17000,62,PG-13
802,"The Mortal Instruments: City of Bones",2013,130,English,USA,Color,60000000,212,3,107028,235,44000,60,PG-13
803,"Meet Dave",2008,90,English,USA,Color,60000000,127,1,31640,185,791,49,PG
804,"Dark Water",2005,103,English,USA,Color,30000000,196,2,44966,235,0,56,PG-13
805,Edtv,1999,122,English,USA,Color,55000000,115,0,35599,185,641,61,PG-13
806,Inkheart,2008,106,English,Germany,Color,60000000,161,3,60232,235,0,61,PG
807,"The Spirit",2008,103,English,USA,Color,60000000,223,1,53864,235,2000,48,PG-13
808,Mortdecai,2015,107,English,UK,Color,60000000,181,2,47320,235,12000,55,R
809,"In the Name of the King: A Dungeon Siege Tale",2007,156,English,Germany,Color,60000000,140,3,38398,235,0,38,PG-13
810,"Beyond Borders",2003,127,English,USA,Color,35000000,54,2,22570,235,0,65,R
811,"Xi you ji zhi: Sun Wukong san da Baigu Jing",2016,119,English,China,Color,68005000,14,1,1212,235,426,60,
812,"The Great Raid",2005,132,Filipino,USA,"Black and White",80000000,81,0,18209,235,0,67,R
813,Deadpool,2016,108,English,USA,Color,58000000,579,0,479047,235,117000,81,R
814,"Holy Man",1998,114,English,USA,Color,60000000,56,1,16260,235,296,49,PG
815,"American Sniper",2014,133,English,USA,Color,58800000,490,0,325264,235,112000,73,R
816,Goosebumps,2015,103,English,USA,Color,58000000,218,4,47968,235,35000,64,PG
818,"Just Like Heaven",2005,95,English,USA,Color,58000000,142,1,82819,185,0,67,PG-13
819,"The Flintstones in Viva Rock Vegas",2000,90,English,USA,Color,60000000,57,0,15517,185,500,36,PG
820,"Rambo III",1988,87,English,USA,Color,63000000,84,1,92106,235,2000,57,R
821,Leatherheads,2008,114,English,USA,Color,58000000,186,8,27664,185,472,60,PG-13
823,"Did You Hear About the Morgans?",2009,103,English,USA,Color,58000000,133,2,29523,235,0,47,PG-13
824,"The Internship",2013,125,English,USA,Color,58000000,246,2,159931,235,22000,63,PG-13
825,"Resident Evil: Afterlife",2010,97,English,Germany,Color,60000000,253,1,131447,235,19000,59,R
826,"Red Tails",2012,125,English,USA,Color,58000000,144,0,28807,235,0,59,PG-13
828,"The Devil's Advocate",1997,136,English,USA,Color,57000000,117,2,259519,235,11000,75,R
829,"That's My Boy",2012,116,English,USA,Color,70000000,157,2,70681,235,12000,56,R
830,DragonHeart,1996,103,English,USA,Color,57000000,60,0,78343,235,0,64,PG-13
831,"After the Sunset",2004,97,English,USA,Color,58000000,117,2,38298,235,782,63,PG-13
832,"Ghost Rider: Spirit of Vengeance",2011,96,English,USA,Color,57000000,287,1,87745,235,18000,43,PG-13
833,"Captain Corelli's Mandolin",2001,131,English,UK,Color,57000000,96,2,28099,235,0,59,R
835,"The Pacifier",2005,95,English,Canada,Color,56000000,125,0,66308,235,0,55,PG
836,"Walking Tall",2004,86,English,USA,Color,56000000,117,1,53118,235,0,62,PG-13
837,"Forrest Gump",1994,142,English,USA,"Black and White",55000000,149,0,1251222,235,59000,88,PG-13
838,"Alvin and the Chipmunks",2007,92,English,USA,Color,60000000,131,0,57276,185,0,52,PG
839,"Meet the Parents",2000,108,English,USA,Color,55000000,150,2,260442,185,0,70,PG-13
840,Pocahontas,1995,84,English,USA,Color,55000000,92,1,119675,178,0,66,G
841,Superman,1978,188,English,USA,Color,55000000,169,0,126357,235,0,73,PG
842,"The Nutty Professor",1996,95,English,USA,Color,54000000,57,1,86556,185,960,56,PG-13
843,Hitch,2005,118,English,USA,Color,70000000,171,1,244840,235,0,66,PG-13
844,"George of the Jungle",1997,92,English,USA,Color,55000000,53,0,56168,185,5000,54,PG
845,"American Wedding",2003,74,English,USA,Color,55000000,153,3,162331,235,0,63,R
846,"Captain Phillips",2013,134,English,USA,Color,55000000,491,0,323353,235,65000,79,PG-13
847,"Date Night",2010,101,English,USA,Color,55000000,247,2,127571,235,0,63,PG-13
848,Casper,1995,100,English,USA,Color,50000000,26,0,85903,185,0,60,PG
849,"The Equalizer",2014,132,English,USA,Color,55000000,292,0,229574,235,56000,72,R
850,"Maid in Manhattan",2002,105,English,USA,Color,55000000,114,2,68417,235,0,51,PG-13
851,"Crimson Tide",1995,123,English,USA,Color,53000000,82,0,81026,235,0,73,R
852,"The Pursuit of Happyness",2006,117,English,USA,Color,55000000,201,0,338383,235,32000,80,PG-13
853,Flightplan,2005,98,English,USA,Color,55000000,231,1,126746,235,0,62,PG-13
854,Disclosure,1994,128,English,USA,Color,55000000,55,0,36587,235,0,60,R
855,"City of Angels",1998,114,English,Germany,Color,55000000,110,1,94407,235,0,67,PG-13
856,"Kill Bill: Vol. 1",2003,111,English,USA,"Black and White",30000000,354,0,735784,235,13000,81,R
857,Bowfinger,1999,85,English,USA,Color,55000000,140,2,56874,137,0,64,PG-13
859,"Kill Bill: Vol. 2",2004,137,English,USA,"Black and White",30000000,304,0,512749,235,0,80,R
860,"Tango & Cash",1989,97,English,USA,Color,55000000,45,1,75365,235,0,63,R
861,"Death Becomes Her",1992,104,English,USA,Color,55000000,49,3,78974,185,8000,64,PG-13
862,"Shanghai Noon",2000,110,English,USA,Color,55000000,146,2,96690,235,0,66,PG-13
863,"Executive Decision",1996,133,English,USA,Color,55000000,60,0,40858,235,0,64,R
864,"Mr. Popper's Penguins",2011,94,English,USA,Color,55000000,189,1,67191,185,14000,60,PG
865,"The Forbidden Kingdom",2008,104,English,USA,Color,55000000,206,0,88049,235,0,66,PG-13
866,"Free Birds",2013,91,English,USA,Color,55000000,118,1,18042,185,0,59,PG
867,"Alien 3",1992,145,English,USA,Color,50000000,210,0,207686,235,0,64,R
868,Evita,1996,135,English,USA,Color,55000000,76,1,29205,235,0,63,PG
869,Ronin,1998,122,English,UK,Color,55000000,149,2,145422,235,0,73,R
870,"The Ghost and the Darkness",1996,110,English,USA,Color,55000000,62,0,46239,235,0,68,R
871,Paddington,2014,95,English,UK,Color,55000000,224,0,49207,235,30000,72,PG
872,"The Watch",2012,102,English,USA,Color,68000000,265,4,104066,235,15000,57,R
873,"The Hunted",2003,94,English,USA,Color,55000000,135,1,35830,185,0,60,R
874,Instinct,1999,126,English,USA,Color,55000000,100,1,27191,235,0,65,R
875,"Stuck on You",2003,118,English,USA,Color,55000000,123,2,44453,235,0,58,PG-13
876,Semi-Pro,2008,99,English,USA,Color,55000000,164,3,67005,235,0,58,R
877,"The Pirates! Band of Misfits",2012,88,English,UK,Color,55000000,238,0,36877,235,0,67,PG
878,Changeling,2008,141,English,USA,Color,55000000,264,0,199056,235,14000,78,R
879,"Chain Reaction",1996,107,English,USA,Color,50000000,47,1,40346,185,1000,56,PG-13
880,"The Fan",1996,116,English,USA,Color,55000000,50,3,38533,235,0,58,R
881,"The Phantom of the Opera",2004,143,English,UK,"Black and White",70000000,153,0,96654,235,0,74,PG-13
882,"Elizabeth: The Golden Age",2007,114,English,UK,Color,55000000,202,1,54787,185,0,69,PG-13
883,"Ì on Flux",2005,93,English,USA,Color,62000000,178,0,110614,235,0,55,PG-13
884,"Gods and Generals",2003,280,English,USA,Color,56000000,84,0,13215,235,953,63,PG-13
885,Turbulence,1997,100,English,USA,Color,71000000,44,0,8983,235,316,47,R
886,"Imagine That",2009,107,English,USA,Color,55000000,93,2,10417,235,610,56,PG
887,"Muppets Most Wanted",2014,119,English,USA,Color,50000000,277,4,24285,185,10000,64,PG
888,Thunderbirds,2004,95,English,UK,Color,57000000,76,0,11148,185,437,42,PG
889,Burlesque,2010,119,English,USA,Color,55000000,197,1,61680,235,19000,64,PG-13
890,"A Very Long Engagement",2004,133,French,France,Color,47000000,186,1,62607,235,0,77,R
891,Lolita,1962,152,English,UK,"Black and White",2000000,103,0,67822,166,0,77,"Not Rated"
892,"Eye See You",2002,96,English,USA,Color,55000000,66,1,19706,235,448,53,R
893,"Blade II",2002,117,English,USA,Color,54000000,224,1,158267,185,0,67,R
894,"Seven Pounds",2008,123,English,USA,Color,55000000,202,1,232710,235,26000,77,PG-13
895,"Bullet to the Head",2012,92,English,USA,Color,55000000,279,3,39247,185,10000,57,R
896,"The Godfather: Part III",1990,170,English,USA,Color,54000000,110,1,267980,185,0,76,R
897,Elizabethtown,2005,123,English,USA,Color,57000000,190,0,58658,185,0,64,PG-13
898,"You, Me and Dupree",2006,110,English,USA,Color,54000000,136,1,68417,185,0,56,PG-13
899,"Superman II",1980,116,English,USA,Color,54000000,121,4,76331,235,0,68,PG
900,Gigli,2003,121,English,USA,Color,54000000,131,0,41620,235,2000,24,R
901,"All the King's Men",2006,128,English,Germany,"Black and White",55000000,127,0,20740,185,0,62,PG-13
902,Shaft,2000,99,English,Germany,Color,46000000,160,0,58416,235,0,59,R
903,Anastasia,1997,94,English,USA,Color,50000000,78,1,86347,235,0,71,G
904,"Moulin Rouge!",2001,127,English,USA,"Black and White",52500000,209,1,224013,235,10000,76,PG-13
905,"Domestic Disturbance",2001,89,English,USA,Color,53000000,98,1,21283,235,361,55,PG-13
906,"Black Mass",2015,123,English,USA,Color,53000000,391,7,115216,235,44000,70,R
907,"Flags of Our Fathers",2006,135,English,USA,Color,90000000,279,0,101221,235,0,71,R
908,"Law Abiding Citizen",2009,118,English,USA,Color,50000000,216,0,217480,235,21000,74,R
909,Grindhouse,2007,189,English,USA,Color,53000000,250,0,155496,235,0,76,R
910,Beloved,1998,172,English,USA,Color,55000000,78,1,6082,185,853,59,R
911,"Lucky You",2007,124,English,USA,Color,55000000,106,1,18310,235,672,59,PG-13
912,"Catch Me If You Can",2002,141,English,USA,Color,52000000,194,0,525801,185,15000,80,PG-13
913,"Zero Dark Thirty",2012,157,English,USA,Color,40000000,558,0,216032,185,39000,74,R
914,"The Break-Up",2006,106,English,USA,Color,52000000,183,1,102167,185,0,58,PG-13
915,"Mamma Mia!",2008,108,English,USA,Color,52000000,238,1,145974,235,10000,63,PG-13
916,"Valentine's Day",2010,125,English,USA,Color,52000000,186,12,95437,185,9000,57,PG-13
917,"The Dukes of Hazzard",2005,107,English,USA,Color,50000000,144,5,66382,235,0,51,PG-13
918,"The Thin Red Line",1998,215,English,USA,Color,52000000,156,0,138941,235,0,76,R
919,"The Change-Up",2011,118,English,USA,Color,52000000,215,2,136680,235,13000,64,R
920,"Man on the Moon",1999,118,English,UK,Color,52000000,140,1,100743,235,0,74,R
921,Casino,1995,178,English,USA,Color,52000000,133,2,333542,235,11000,82,R
922,"From Paris with Love",2010,92,English,France,Color,52000000,203,1,97775,235,0,65,R
923,"Bulletproof Monk",2003,104,English,USA,Color,52000000,127,3,42324,235,846,55,PG-13
924,"Me, Myself & Irene",2000,116,English,USA,Color,51000000,155,1,185878,185,0,65,R
925,Barnyard,2006,90,English,Germany,Color,51000000,98,1,21396,185,605,56,PG
927,"The Twilight Saga: New Moon",2009,130,English,USA,Color,50000000,299,2,220758,235,13000,46,PG-13
928,Shrek,2001,90,English,USA,Color,60000000,212,1,467113,185,0,79,PG
929,"The Adjustment Bureau",2011,106,English,USA,Color,50200000,413,2,200035,185,36000,71,PG-13
930,"Robin Hood: Prince of Thieves",1991,155,English,USA,Color,48000000,67,0,145257,185,0,69,PG-13
931,"Jerry Maguire",1996,139,English,USA,Color,50000000,109,0,189923,185,0,73,R
932,Ted,2012,112,English,USA,Color,50000000,457,1,471644,185,74000,70,R
933,"As Good as It Gets",1997,139,English,USA,Color,50000000,156,0,224671,185,11000,77,PG-13
934,"Patch Adams",1998,115,English,USA,Color,50000000,55,1,80580,235,0,67,PG-13
935,"Anchorman 2: The Legend Continues",2013,143,English,USA,Color,50000000,272,2,131227,235,41000,63,PG-13
936,"Mr. Deeds",2002,96,English,USA,Color,50000000,117,1,110432,185,0,58,PG-13
937,"Super 8",2011,112,English,USA,Color,50000000,539,0,287822,235,37000,71,PG-13
938,"Erin Brockovich",2000,131,English,USA,Color,52000000,169,0,135246,185,0,73,R
939,"How to Lose a Guy in 10 Days",2003,116,English,USA,Color,50000000,140,2,156717,185,0,64,PG-13
940,"22 Jump Street",2014,112,English,USA,Color,50000000,330,2,258186,235,24000,71,R
942,"Yes Man",2008,104,English,USA,Color,70000000,190,1,271691,235,0,68,PG-13
943,"Central Intelligence",2016,107,English,USA,Color,50000000,177,2,33354,235,10000,66,PG-13
944,Stepmom,1998,124,English,USA,Color,50000000,65,2,46482,235,0,67,PG-13
945,"Daddy's Home",2015,96,English,USA,Color,50000000,145,2,54010,185,13000,61,PG-13
946,"Into the Woods",2014,125,English,USA,Color,50000000,321,1,101178,239,90000,60,PG
947,"Inside Man",2006,129,English,USA,Color,45000000,230,2,273108,235,0,76,R
948,Payback,1999,90,English,USA,Color,50000000,143,1,111368,235,0,71,R
949,Congo,1995,109,English,USA,Color,50000000,55,0,34471,185,0,50,PG-13
951,Knowing,2009,121,English,USA,Color,50000000,279,0,186879,235,0,62,PG-13
952,"Failure to Launch",2006,95,English,USA,Color,50000000,143,2,58412,235,2000,56,PG-13
954,"Crazy, Stupid, Love.",2011,118,English,USA,Color,50000000,310,7,375456,239,44000,74,PG-13
955,Garfield,2004,80,English,USA,Color,35000000,116,0,58961,185,795,50,PG
956,"Christmas with the Kranks",2004,99,English,USA,Color,60000000,105,1,27548,235,0,52,PG
957,Moneyball,2011,133,English,USA,Color,50000000,419,1,283563,185,27000,76,PG-13
958,Outbreak,1995,127,English,USA,Color,50000000,64,3,91176,185,0,66,R
959,Non-Stop,2014,106,English,UK,Color,50000000,359,0,200647,235,24000,70,PG-13
960,"Race to Witch Mountain",2009,98,English,USA,Color,65000000,166,3,43328,235,0,57,PG
961,"V for Vendetta",2005,132,English,USA,Color,54000000,525,1,791783,235,48000,82,R
962,"Shanghai Knights",2003,114,English,USA,Color,50000000,165,2,81444,235,955,62,PG-13
964,"Curious George",2006,78,English,USA,Color,50000000,87,0,12845,185,624,66,G
965,"Herbie Fully Loaded",2005,101,English,USA,Color,50000000,117,1,36431,185,1000,47,G
966,"Don't Say a Word",2001,113,English,USA,Color,50000000,113,0,40362,235,970,63,R
967,"Hansel & Gretel: Witch Hunters",2013,98,English,Germany,Color,50000000,349,2,159868,235,45000,61,R
968,Unfaithful,2002,124,English,USA,Color,50000000,152,0,63067,185,0,67,R
969,"I Am Number Four",2011,109,English,USA,Color,60000000,288,1,195043,185,27000,61,PG-13
970,Syriana,2005,128,English,USA,Color,50000000,358,0,109188,235,0,70,R
971,"13 Hours",2016,144,English,USA,Color,50000000,204,0,47764,235,44000,74,R
972,"The Book of Life",2014,95,English,USA,Color,50000000,156,1,45580,235,18000,73,PG
973,Firewall,2006,105,English,USA,Color,50000000,171,1,50170,235,773,58,PG-13
974,"Absolute Power",1997,121,English,USA,Color,50000000,76,0,39529,235,1000,67,R
975,"G.I. Jane",1997,125,English,USA,Color,50000000,97,1,60326,235,2000,58,R
976,"The Game",1997,129,English,USA,Color,50000000,157,1,261069,235,25000,78,R
977,"Silent Hill",2006,132,English,Canada,Color,50000000,267,0,172792,235,0,66,R
978,"The Replacements",2000,118,English,USA,Color,50000000,118,1,48322,185,0,65,PG-13
979,"American Reunion",2012,113,English,USA,Color,50000000,291,7,172112,185,39000,67,R
980,"The Negotiator",1998,140,English,Germany,Color,50000000,68,2,107227,235,3000,73,R
981,"Into the Storm",2014,89,English,USA,Color,50000000,228,0,54101,185,15000,58,PG-13
982,"Beverly Hills Cop III",1994,104,English,USA,Color,55000000,36,1,60293,185,669,55,R
983,"Gremlins 2: The New Batch",1990,106,English,USA,Color,50000000,105,0,68428,185,0,63,PG-13
984,"The Judge",2014,141,English,USA,Color,50000000,276,1,136973,235,47000,74,R
985,"The Peacemaker",1997,124,English,USA,Color,50000000,93,2,46451,235,0,59,R
986,"Resident Evil: Apocalypse",2004,98,English,Germany,Color,45000000,191,1,151580,235,0,62,R
987,"Bridget Jones: The Edge of Reason",2004,108,English,UK,Color,40000000,143,1,74315,235,0,59,R
988,"Out of Time",2003,114,English,USA,Color,50000000,124,3,45895,235,1000,65,R
989,"On Deadly Ground",1994,101,English,USA,Color,50000000,47,1,17997,235,812,44,R
990,"The Adventures of Sharkboy and Lavagirl 3-D",2005,93,English,USA,Color,50000000,66,1,20310,185,0,35,PG
991,"The Beach",2000,119,English,USA,Color,50000000,118,0,176169,235,0,66,R
992,"Raising Helen",2004,119,English,USA,Color,50000000,93,1,30890,185,718,60,PG-13
993,"Ninja Assassin",2009,99,English,USA,Color,40000000,235,0,58349,235,0,64,R
994,"For Love of the Game",1999,137,English,USA,Color,50000000,113,0,26034,235,0,65,PG-13
996,Striptease,1996,117,English,USA,Color,40000000,51,1,34896,185,877,43,R
997,Marmaduke,2010,87,English,USA,Color,50000000,98,0,11257,235,0,42,PG
998,Hereafter,2010,129,English,USA,Color,50000000,315,0,80140,235,16000,65,PG-13
999,"Murder by Numbers",2002,115,English,USA,Color,50000000,136,0,43574,185,0,61,R
1000,Assassins,1995,132,English,France,"Black and White",50000000,61,0,62981,185,0,63,R
1001,"Hannibal Rising",2007,131,English,UK,Color,50000000,209,0,86374,235,3000,62,R
1002,"The Story of Us",1999,95,English,USA,Color,50000000,99,1,18404,185,0,59,R
1003,"The Host",2013,125,English,USA,Color,40000000,298,3,92461,235,43000,59,PG-13
1004,Basic,2003,98,English,Germany,Color,50000000,131,0,49926,235,0,65,R
1005,"Blood Work",2002,110,English,USA,Color,50000000,146,1,34356,235,705,64,R
1006,"The International",2009,118,English,USA,Color,50000000,245,0,80196,235,0,65,R
1007,"Escape from L.A.",1996,101,English,USA,Color,50000000,104,0,54021,235,0,57,R
1009,"The Iron Giant",1999,90,English,USA,Color,70000000,162,1,128455,235,0,80,PG
1010,"The Life Aquatic with Steve Zissou",2004,119,English,USA,Color,50000000,259,8,139535,235,0,73,R
1011,"Free State of Jones",2016,139,English,USA,Color,50000000,79,1,3077,185,10000,67,R
1012,"The Life of David Gale",2003,130,English,USA,Color,50000000,141,0,88270,235,0,75,R
1013,"Man of the House",2005,100,English,USA,Color,40000000,59,5,19829,235,779,54,PG-13
1014,"Run All Night",2015,114,English,USA,Color,50000000,236,2,76010,235,15000,66,R
1015,"Eastern Promises",2007,96,English,USA,Color,25000000,356,1,189249,185,0,77,R
1016,"Into the Blue",2005,110,English,USA,Color,50000000,120,3,63599,235,0,58,PG-13
1017,"The Messenger: The Story of Joan of Arc",1999,158,English,France,Color,390000000,111,0,55889,235,0,64,R
1018,"Your Highness",2011,102,English,USA,Color,49900000,208,3,85237,235,18000,56,R
1019,"Dream House",2011,84,English,USA,Color,55000000,174,0,46239,235,0,60,PG-13
1020,"Mad City",1997,115,English,USA,Color,50000000,59,2,16562,235,697,62,PG-13
1021,"Baby's Day Out",1994,99,English,USA,Color,50000000,22,1,33186,185,0,59,PG
1022,"The Scarlet Letter",1995,135,English,USA,Color,50000000,34,1,12037,235,943,51,R
1023,"Fair Game",2010,108,English,USA,Color,22000000,214,2,38513,235,9000,68,PG-13
1025,Domino,2005,127,English,France,Color,50000000,186,0,58015,235,0,60,R
1026,Jade,1995,107,English,USA,Color,50000000,50,0,9227,185,422,51,R
1027,Gamer,2009,95,English,USA,Color,50000000,180,1,113483,185,0,58,R
1028,"Beautiful Creatures",2013,124,English,USA,Color,60000000,231,7,67796,235,14000,62,PG-13
1029,"Death to Smoochy",2002,109,English,UK,Color,55000000,105,2,34730,185,0,64,R
1030,"Zoolander 2",2016,102,English,USA,Color,50000000,226,4,34964,235,28000,48,PG-13
1031,"The Big Bounce",2004,88,English,USA,Color,50000000,75,5,15880,235,288,49,PG-13
1032,"What Planet Are You From?",2000,87,English,USA,Color,50000000,82,0,8070,185,255,56,R
1033,"Drive Angry",2011,104,English,USA,Color,50000000,296,1,81800,185,15000,55,R
1034,"Street Fighter: The Legend of Chun-Li",2009,96,English,Canada,Color,18000000,103,2,19824,235,0,37,PG-13
1035,"The One",2001,85,English,USA,Color,49000000,98,1,77684,235,0,59,PG-13
1037,"The Adventures of Ford Fairlane",1990,104,English,USA,Color,40000000,48,5,14429,235,2000,63,R
1039,Traffic,2000,190,English,USA,Color,48000000,223,0,170684,185,0,76,R
1040,"Indiana Jones and the Last Crusade",1989,127,English,USA,Color,48000000,149,5,515306,235,0,83,PG-13
1042,Chappie,2015,120,English,USA,Color,49000000,371,0,172965,235,67000,69,R
1043,"The Bone Collector",1999,118,English,USA,Color,48000000,75,2,120202,235,0,67,R
1044,"Panic Room",2002,112,English,USA,Color,48000000,233,0,206104,235,0,68,R
1045,"The Tooth Fairy",2006,89,English,USA,Color,1500000,32,0,1263,178,352,46,
1046,"Three Kings",1999,114,English,USA,Color,48000000,150,1,137854,235,3000,71,R
1047,"Child 44",2015,137,English,"Czech Republic",Color,50000000,172,3,40568,235,18000,64,R
1048,"Rat Race",2001,112,English,Canada,Color,48000000,103,8,93367,235,0,64,PG-13
1049,K-PAX,2001,120,English,USA,Color,48000000,140,1,148490,235,0,74,PG-13
1050,"Kate & Leopold",2001,123,English,USA,Color,48000000,125,1,64595,185,0,64,PG-13
1051,Bedazzled,2000,93,English,USA,Color,48000000,125,2,81888,235,0,60,PG-13
1052,"The Cotton Club",1984,123,English,USA,Color,58000000,36,1,12771,185,828,65,R
1053,"3:10 to Yuma",2007,122,English,USA,Color,55000000,295,1,237872,235,0,78,R
1054,"Taken 3",2014,115,English,France,Color,48000000,222,0,133436,235,38000,60,PG-13
1055,"Out of Sight",1998,123,English,USA,Color,48000000,158,1,71708,185,0,70,R
1056,"The Cable Guy",1996,96,English,USA,Color,47000000,72,1,122347,235,0,60,PG-13
1058,"Dick Tracy",1990,105,English,USA,Color,100000000,72,1,47819,185,2000,61,PG
1059,"The Thomas Crown Affair",1999,113,English,USA,Color,48000000,152,0,73068,235,0,68,R
